ISO-10303-21;
HEADER;
/* Generated by software containing ST-Developer
 * from STEP Tools, Inc. (www.steptools.com) 
 */

FILE_DESCRIPTION(
/* description */ (''),
/* implementation_level */ '2;1');

FILE_NAME(
/* name */ 'BATTERY PACK FINAL.step',
/* time_stamp */ '2026-09-11T01:57:01+05:30',
/* author */ (''),
/* organization */ (''),
/* preprocessor_version */ 'ST-DEVELOPER v20.1',
/* originating_system */ 'Autodesk Translation Framework v15.8.0.0',
/* authorisation */ '');

FILE_SCHEMA (('AUTOMOTIVE_DESIGN { 1 0 10303 214 3 1 1 }'));
ENDSEC;

DATA;
#10=MECHANICAL_DESIGN_GEOMETRIC_PRESENTATION_REPRESENTATION('',(#13),#5630);
#11=SHAPE_REPRESENTATION_RELATIONSHIP('SRR','None',#5637,#12);
#12=ADVANCED_BREP_SHAPE_REPRESENTATION('',(#14),#5629);
#13=STYLED_ITEM('',(#5646),#14);
#14=MANIFOLD_SOLID_BREP('Body1',#3098);
#15=FACE_BOUND('',#433,.T.);
#16=FACE_BOUND('',#434,.T.);
#17=FACE_BOUND('',#471,.T.);
#18=FACE_BOUND('',#472,.T.);
#19=FACE_BOUND('',#607,.T.);
#20=FACE_BOUND('',#609,.T.);
#21=FACE_BOUND('',#610,.T.);
#22=FACE_BOUND('',#611,.T.);
#23=FACE_BOUND('',#612,.T.);
#24=FACE_BOUND('',#613,.T.);
#25=FACE_BOUND('',#614,.T.);
#26=FACE_BOUND('',#615,.T.);
#27=FACE_BOUND('',#616,.T.);
#28=FACE_BOUND('',#617,.T.);
#29=FACE_BOUND('',#618,.T.);
#30=FACE_BOUND('',#619,.T.);
#31=FACE_BOUND('',#620,.T.);
#32=FACE_BOUND('',#621,.T.);
#33=FACE_BOUND('',#622,.T.);
#34=FACE_BOUND('',#623,.T.);
#35=FACE_BOUND('',#624,.T.);
#36=FACE_BOUND('',#625,.T.);
#37=FACE_BOUND('',#626,.T.);
#38=FACE_BOUND('',#627,.T.);
#39=FACE_BOUND('',#628,.T.);
#40=FACE_BOUND('',#629,.T.);
#41=FACE_BOUND('',#630,.T.);
#42=FACE_BOUND('',#631,.T.);
#43=FACE_BOUND('',#632,.T.);
#44=FACE_BOUND('',#633,.T.);
#45=FACE_BOUND('',#634,.T.);
#46=FACE_BOUND('',#635,.T.);
#47=FACE_BOUND('',#636,.T.);
#48=FACE_BOUND('',#637,.T.);
#49=FACE_BOUND('',#638,.T.);
#50=FACE_BOUND('',#639,.T.);
#51=FACE_BOUND('',#640,.T.);
#52=FACE_BOUND('',#641,.T.);
#53=FACE_BOUND('',#642,.T.);
#54=FACE_BOUND('',#643,.T.);
#55=FACE_BOUND('',#644,.T.);
#56=FACE_BOUND('',#645,.T.);
#57=FACE_BOUND('',#646,.T.);
#58=FACE_BOUND('',#647,.T.);
#59=FACE_BOUND('',#648,.T.);
#60=FACE_BOUND('',#649,.T.);
#61=FACE_BOUND('',#650,.T.);
#62=FACE_BOUND('',#651,.T.);
#63=FACE_BOUND('',#652,.T.);
#64=FACE_BOUND('',#653,.T.);
#65=FACE_BOUND('',#654,.T.);
#66=FACE_BOUND('',#655,.T.);
#67=FACE_BOUND('',#656,.T.);
#68=FACE_BOUND('',#657,.T.);
#69=FACE_BOUND('',#658,.T.);
#70=FACE_BOUND('',#659,.T.);
#71=FACE_BOUND('',#660,.T.);
#72=FACE_BOUND('',#661,.T.);
#73=FACE_BOUND('',#662,.T.);
#74=FACE_BOUND('',#663,.T.);
#75=FACE_BOUND('',#664,.T.);
#76=FACE_BOUND('',#665,.T.);
#77=FACE_BOUND('',#666,.T.);
#78=FACE_BOUND('',#667,.T.);
#79=FACE_BOUND('',#668,.T.);
#80=FACE_BOUND('',#669,.T.);
#81=FACE_BOUND('',#670,.T.);
#82=FACE_BOUND('',#671,.T.);
#83=PLANE('',#3222);
#84=PLANE('',#3225);
#85=PLANE('',#3334);
#86=PLANE('',#3335);
#87=PLANE('',#3339);
#88=PLANE('',#3343);
#89=PLANE('',#3347);
#90=PLANE('',#3351);
#91=PLANE('',#3355);
#92=PLANE('',#3359);
#93=PLANE('',#3363);
#94=PLANE('',#3367);
#95=PLANE('',#3371);
#96=PLANE('',#3375);
#97=PLANE('',#3379);
#98=PLANE('',#3383);
#99=PLANE('',#3387);
#100=PLANE('',#3391);
#101=PLANE('',#3395);
#102=PLANE('',#3399);
#103=PLANE('',#3403);
#104=PLANE('',#3407);
#105=PLANE('',#3411);
#106=PLANE('',#3415);
#107=PLANE('',#3419);
#108=PLANE('',#3423);
#109=PLANE('',#3427);
#110=PLANE('',#3431);
#111=PLANE('',#3435);
#112=PLANE('',#3439);
#113=PLANE('',#3443);
#114=PLANE('',#3447);
#115=PLANE('',#3451);
#116=PLANE('',#3455);
#117=PLANE('',#3459);
#118=PLANE('',#3463);
#119=PLANE('',#3467);
#120=PLANE('',#3471);
#121=PLANE('',#3475);
#122=PLANE('',#3479);
#123=PLANE('',#3483);
#124=PLANE('',#3487);
#125=PLANE('',#3491);
#126=PLANE('',#3495);
#127=PLANE('',#3499);
#128=PLANE('',#3503);
#129=PLANE('',#3507);
#130=PLANE('',#3511);
#131=PLANE('',#3515);
#132=PLANE('',#3519);
#133=PLANE('',#3523);
#134=PLANE('',#3527);
#135=PLANE('',#3531);
#136=PLANE('',#3535);
#137=PLANE('',#3539);
#138=PLANE('',#3543);
#139=PLANE('',#3547);
#140=PLANE('',#3551);
#141=PLANE('',#3555);
#142=PLANE('',#3559);
#143=PLANE('',#3563);
#144=PLANE('',#3567);
#145=PLANE('',#3571);
#146=PLANE('',#3575);
#147=PLANE('',#3579);
#148=PLANE('',#3583);
#149=PLANE('',#3587);
#150=PLANE('',#3588);
#151=PLANE('',#3589);
#152=PLANE('',#3590);
#153=PLANE('',#3591);
#154=PLANE('',#3592);
#155=PLANE('',#3593);
#156=PLANE('',#3594);
#157=PLANE('',#3595);
#158=PLANE('',#3596);
#159=TOROIDAL_SURFACE('',#3115,4.99999891035259,4.49999999999999);
#160=TOROIDAL_SURFACE('',#3121,4.99999999999998,4.49999999999999);
#161=TOROIDAL_SURFACE('',#3127,5.00000000000002,4.49999999999999);
#162=TOROIDAL_SURFACE('',#3133,4.99999999999998,4.49999999999999);
#163=TOROIDAL_SURFACE('',#3139,5.00000000000002,4.49999999999999);
#164=TOROIDAL_SURFACE('',#3145,4.99999999999998,4.49999999999999);
#165=TOROIDAL_SURFACE('',#3151,5.00000000000002,4.49999999999999);
#166=TOROIDAL_SURFACE('',#3157,4.99999999999998,4.49999999999999);
#167=TOROIDAL_SURFACE('',#3167,4.99999999999998,2.95);
#168=TOROIDAL_SURFACE('',#3174,5.00000000000002,2.95);
#169=TOROIDAL_SURFACE('',#3181,4.99999999999998,2.95);
#170=TOROIDAL_SURFACE('',#3188,5.00000000000002,2.95);
#171=TOROIDAL_SURFACE('',#3195,4.99999999999998,2.95);
#172=TOROIDAL_SURFACE('',#3202,5.00000000000002,2.95);
#173=TOROIDAL_SURFACE('',#3209,4.99999999999998,2.95);
#174=TOROIDAL_SURFACE('',#3216,4.99999891035259,2.95);
#175=TOROIDAL_SURFACE('',#3229,5.00000072643161,4.49999999999999);
#176=TOROIDAL_SURFACE('',#3235,4.99999999999998,4.49999999999999);
#177=TOROIDAL_SURFACE('',#3241,5.00000000000002,4.49999999999999);
#178=TOROIDAL_SURFACE('',#3247,4.99999999999998,4.49999999999999);
#179=TOROIDAL_SURFACE('',#3253,5.00000000000002,4.49999999999999);
#180=TOROIDAL_SURFACE('',#3259,4.99999999999998,4.49999999999999);
#181=TOROIDAL_SURFACE('',#3265,5.00000000000002,4.49999999999999);
#182=TOROIDAL_SURFACE('',#3271,4.99999999999998,4.49999999999999);
#183=TOROIDAL_SURFACE('',#3279,4.99999999999998,2.95);
#184=TOROIDAL_SURFACE('',#3286,5.00000000000002,2.95);
#185=TOROIDAL_SURFACE('',#3293,4.99999999999998,2.95);
#186=TOROIDAL_SURFACE('',#3300,5.00000000000002,2.95);
#187=TOROIDAL_SURFACE('',#3307,4.99999999999998,2.95);
#188=TOROIDAL_SURFACE('',#3314,5.00000000000002,2.95);
#189=TOROIDAL_SURFACE('',#3321,4.99999999999998,2.95);
#190=TOROIDAL_SURFACE('',#3328,5.00000072643161,2.95);
#191=FACE_OUTER_BOUND('',#398,.T.);
#192=FACE_OUTER_BOUND('',#399,.T.);
#193=FACE_OUTER_BOUND('',#400,.T.);
#194=FACE_OUTER_BOUND('',#401,.T.);
#195=FACE_OUTER_BOUND('',#402,.T.);
#196=FACE_OUTER_BOUND('',#403,.T.);
#197=FACE_OUTER_BOUND('',#404,.T.);
#198=FACE_OUTER_BOUND('',#405,.T.);
#199=FACE_OUTER_BOUND('',#406,.T.);
#200=FACE_OUTER_BOUND('',#407,.T.);
#201=FACE_OUTER_BOUND('',#408,.T.);
#202=FACE_OUTER_BOUND('',#409,.T.);
#203=FACE_OUTER_BOUND('',#410,.T.);
#204=FACE_OUTER_BOUND('',#411,.T.);
#205=FACE_OUTER_BOUND('',#412,.T.);
#206=FACE_OUTER_BOUND('',#413,.T.);
#207=FACE_OUTER_BOUND('',#414,.T.);
#208=FACE_OUTER_BOUND('',#415,.T.);
#209=FACE_OUTER_BOUND('',#416,.T.);
#210=FACE_OUTER_BOUND('',#417,.T.);
#211=FACE_OUTER_BOUND('',#418,.T.);
#212=FACE_OUTER_BOUND('',#419,.T.);
#213=FACE_OUTER_BOUND('',#420,.T.);
#214=FACE_OUTER_BOUND('',#421,.T.);
#215=FACE_OUTER_BOUND('',#422,.T.);
#216=FACE_OUTER_BOUND('',#423,.T.);
#217=FACE_OUTER_BOUND('',#424,.T.);
#218=FACE_OUTER_BOUND('',#425,.T.);
#219=FACE_OUTER_BOUND('',#426,.T.);
#220=FACE_OUTER_BOUND('',#427,.T.);
#221=FACE_OUTER_BOUND('',#428,.T.);
#222=FACE_OUTER_BOUND('',#429,.T.);
#223=FACE_OUTER_BOUND('',#430,.T.);
#224=FACE_OUTER_BOUND('',#431,.T.);
#225=FACE_OUTER_BOUND('',#432,.T.);
#226=FACE_OUTER_BOUND('',#435,.T.);
#227=FACE_OUTER_BOUND('',#436,.T.);
#228=FACE_OUTER_BOUND('',#437,.T.);
#229=FACE_OUTER_BOUND('',#438,.T.);
#230=FACE_OUTER_BOUND('',#439,.T.);
#231=FACE_OUTER_BOUND('',#440,.T.);
#232=FACE_OUTER_BOUND('',#441,.T.);
#233=FACE_OUTER_BOUND('',#442,.T.);
#234=FACE_OUTER_BOUND('',#443,.T.);
#235=FACE_OUTER_BOUND('',#444,.T.);
#236=FACE_OUTER_BOUND('',#445,.T.);
#237=FACE_OUTER_BOUND('',#446,.T.);
#238=FACE_OUTER_BOUND('',#447,.T.);
#239=FACE_OUTER_BOUND('',#448,.T.);
#240=FACE_OUTER_BOUND('',#449,.T.);
#241=FACE_OUTER_BOUND('',#450,.T.);
#242=FACE_OUTER_BOUND('',#451,.T.);
#243=FACE_OUTER_BOUND('',#452,.T.);
#244=FACE_OUTER_BOUND('',#453,.T.);
#245=FACE_OUTER_BOUND('',#454,.T.);
#246=FACE_OUTER_BOUND('',#455,.T.);
#247=FACE_OUTER_BOUND('',#456,.T.);
#248=FACE_OUTER_BOUND('',#457,.T.);
#249=FACE_OUTER_BOUND('',#458,.T.);
#250=FACE_OUTER_BOUND('',#459,.T.);
#251=FACE_OUTER_BOUND('',#460,.T.);
#252=FACE_OUTER_BOUND('',#461,.T.);
#253=FACE_OUTER_BOUND('',#462,.T.);
#254=FACE_OUTER_BOUND('',#463,.T.);
#255=FACE_OUTER_BOUND('',#464,.T.);
#256=FACE_OUTER_BOUND('',#465,.T.);
#257=FACE_OUTER_BOUND('',#466,.T.);
#258=FACE_OUTER_BOUND('',#467,.T.);
#259=FACE_OUTER_BOUND('',#468,.T.);
#260=FACE_OUTER_BOUND('',#469,.T.);
#261=FACE_OUTER_BOUND('',#470,.T.);
#262=FACE_OUTER_BOUND('',#473,.T.);
#263=FACE_OUTER_BOUND('',#474,.T.);
#264=FACE_OUTER_BOUND('',#475,.T.);
#265=FACE_OUTER_BOUND('',#476,.T.);
#266=FACE_OUTER_BOUND('',#477,.T.);
#267=FACE_OUTER_BOUND('',#478,.T.);
#268=FACE_OUTER_BOUND('',#479,.T.);
#269=FACE_OUTER_BOUND('',#480,.T.);
#270=FACE_OUTER_BOUND('',#481,.T.);
#271=FACE_OUTER_BOUND('',#482,.T.);
#272=FACE_OUTER_BOUND('',#483,.T.);
#273=FACE_OUTER_BOUND('',#484,.T.);
#274=FACE_OUTER_BOUND('',#485,.T.);
#275=FACE_OUTER_BOUND('',#486,.T.);
#276=FACE_OUTER_BOUND('',#487,.T.);
#277=FACE_OUTER_BOUND('',#488,.T.);
#278=FACE_OUTER_BOUND('',#489,.T.);
#279=FACE_OUTER_BOUND('',#490,.T.);
#280=FACE_OUTER_BOUND('',#491,.T.);
#281=FACE_OUTER_BOUND('',#492,.T.);
#282=FACE_OUTER_BOUND('',#493,.T.);
#283=FACE_OUTER_BOUND('',#494,.T.);
#284=FACE_OUTER_BOUND('',#495,.T.);
#285=FACE_OUTER_BOUND('',#496,.T.);
#286=FACE_OUTER_BOUND('',#497,.T.);
#287=FACE_OUTER_BOUND('',#498,.T.);
#288=FACE_OUTER_BOUND('',#499,.T.);
#289=FACE_OUTER_BOUND('',#500,.T.);
#290=FACE_OUTER_BOUND('',#501,.T.);
#291=FACE_OUTER_BOUND('',#502,.T.);
#292=FACE_OUTER_BOUND('',#503,.T.);
#293=FACE_OUTER_BOUND('',#504,.T.);
#294=FACE_OUTER_BOUND('',#505,.T.);
#295=FACE_OUTER_BOUND('',#506,.T.);
#296=FACE_OUTER_BOUND('',#507,.T.);
#297=FACE_OUTER_BOUND('',#508,.T.);
#298=FACE_OUTER_BOUND('',#509,.T.);
#299=FACE_OUTER_BOUND('',#510,.T.);
#300=FACE_OUTER_BOUND('',#511,.T.);
#301=FACE_OUTER_BOUND('',#512,.T.);
#302=FACE_OUTER_BOUND('',#513,.T.);
#303=FACE_OUTER_BOUND('',#514,.T.);
#304=FACE_OUTER_BOUND('',#515,.T.);
#305=FACE_OUTER_BOUND('',#516,.T.);
#306=FACE_OUTER_BOUND('',#517,.T.);
#307=FACE_OUTER_BOUND('',#518,.T.);
#308=FACE_OUTER_BOUND('',#519,.T.);
#309=FACE_OUTER_BOUND('',#520,.T.);
#310=FACE_OUTER_BOUND('',#521,.T.);
#311=FACE_OUTER_BOUND('',#522,.T.);
#312=FACE_OUTER_BOUND('',#523,.T.);
#313=FACE_OUTER_BOUND('',#524,.T.);
#314=FACE_OUTER_BOUND('',#525,.T.);
#315=FACE_OUTER_BOUND('',#526,.T.);
#316=FACE_OUTER_BOUND('',#527,.T.);
#317=FACE_OUTER_BOUND('',#528,.T.);
#318=FACE_OUTER_BOUND('',#529,.T.);
#319=FACE_OUTER_BOUND('',#530,.T.);
#320=FACE_OUTER_BOUND('',#531,.T.);
#321=FACE_OUTER_BOUND('',#532,.T.);
#322=FACE_OUTER_BOUND('',#533,.T.);
#323=FACE_OUTER_BOUND('',#534,.T.);
#324=FACE_OUTER_BOUND('',#535,.T.);
#325=FACE_OUTER_BOUND('',#536,.T.);
#326=FACE_OUTER_BOUND('',#537,.T.);
#327=FACE_OUTER_BOUND('',#538,.T.);
#328=FACE_OUTER_BOUND('',#539,.T.);
#329=FACE_OUTER_BOUND('',#540,.T.);
#330=FACE_OUTER_BOUND('',#541,.T.);
#331=FACE_OUTER_BOUND('',#542,.T.);
#332=FACE_OUTER_BOUND('',#543,.T.);
#333=FACE_OUTER_BOUND('',#544,.T.);
#334=FACE_OUTER_BOUND('',#545,.T.);
#335=FACE_OUTER_BOUND('',#546,.T.);
#336=FACE_OUTER_BOUND('',#547,.T.);
#337=FACE_OUTER_BOUND('',#548,.T.);
#338=FACE_OUTER_BOUND('',#549,.T.);
#339=FACE_OUTER_BOUND('',#550,.T.);
#340=FACE_OUTER_BOUND('',#551,.T.);
#341=FACE_OUTER_BOUND('',#552,.T.);
#342=FACE_OUTER_BOUND('',#553,.T.);
#343=FACE_OUTER_BOUND('',#554,.T.);
#344=FACE_OUTER_BOUND('',#555,.T.);
#345=FACE_OUTER_BOUND('',#556,.T.);
#346=FACE_OUTER_BOUND('',#557,.T.);
#347=FACE_OUTER_BOUND('',#558,.T.);
#348=FACE_OUTER_BOUND('',#559,.T.);
#349=FACE_OUTER_BOUND('',#560,.T.);
#350=FACE_OUTER_BOUND('',#561,.T.);
#351=FACE_OUTER_BOUND('',#562,.T.);
#352=FACE_OUTER_BOUND('',#563,.T.);
#353=FACE_OUTER_BOUND('',#564,.T.);
#354=FACE_OUTER_BOUND('',#565,.T.);
#355=FACE_OUTER_BOUND('',#566,.T.);
#356=FACE_OUTER_BOUND('',#567,.T.);
#357=FACE_OUTER_BOUND('',#568,.T.);
#358=FACE_OUTER_BOUND('',#569,.T.);
#359=FACE_OUTER_BOUND('',#570,.T.);
#360=FACE_OUTER_BOUND('',#571,.T.);
#361=FACE_OUTER_BOUND('',#572,.T.);
#362=FACE_OUTER_BOUND('',#573,.T.);
#363=FACE_OUTER_BOUND('',#574,.T.);
#364=FACE_OUTER_BOUND('',#575,.T.);
#365=FACE_OUTER_BOUND('',#576,.T.);
#366=FACE_OUTER_BOUND('',#577,.T.);
#367=FACE_OUTER_BOUND('',#578,.T.);
#368=FACE_OUTER_BOUND('',#579,.T.);
#369=FACE_OUTER_BOUND('',#580,.T.);
#370=FACE_OUTER_BOUND('',#581,.T.);
#371=FACE_OUTER_BOUND('',#582,.T.);
#372=FACE_OUTER_BOUND('',#583,.T.);
#373=FACE_OUTER_BOUND('',#584,.T.);
#374=FACE_OUTER_BOUND('',#585,.T.);
#375=FACE_OUTER_BOUND('',#586,.T.);
#376=FACE_OUTER_BOUND('',#587,.T.);
#377=FACE_OUTER_BOUND('',#588,.T.);
#378=FACE_OUTER_BOUND('',#589,.T.);
#379=FACE_OUTER_BOUND('',#590,.T.);
#380=FACE_OUTER_BOUND('',#591,.T.);
#381=FACE_OUTER_BOUND('',#592,.T.);
#382=FACE_OUTER_BOUND('',#593,.T.);
#383=FACE_OUTER_BOUND('',#594,.T.);
#384=FACE_OUTER_BOUND('',#595,.T.);
#385=FACE_OUTER_BOUND('',#596,.T.);
#386=FACE_OUTER_BOUND('',#597,.T.);
#387=FACE_OUTER_BOUND('',#598,.T.);
#388=FACE_OUTER_BOUND('',#599,.T.);
#389=FACE_OUTER_BOUND('',#600,.T.);
#390=FACE_OUTER_BOUND('',#601,.T.);
#391=FACE_OUTER_BOUND('',#602,.T.);
#392=FACE_OUTER_BOUND('',#603,.T.);
#393=FACE_OUTER_BOUND('',#604,.T.);
#394=FACE_OUTER_BOUND('',#605,.T.);
#395=FACE_OUTER_BOUND('',#606,.T.);
#396=FACE_OUTER_BOUND('',#608,.T.);
#397=FACE_OUTER_BOUND('',#672,.T.);
#398=EDGE_LOOP('',(#1946,#1947,#1948,#1949));
#399=EDGE_LOOP('',(#1950,#1951,#1952,#1953));
#400=EDGE_LOOP('',(#1954,#1955,#1956,#1957));
#401=EDGE_LOOP('',(#1958,#1959,#1960,#1961));
#402=EDGE_LOOP('',(#1962,#1963,#1964,#1965));
#403=EDGE_LOOP('',(#1966,#1967,#1968,#1969));
#404=EDGE_LOOP('',(#1970,#1971,#1972,#1973));
#405=EDGE_LOOP('',(#1974,#1975,#1976,#1977));
#406=EDGE_LOOP('',(#1978,#1979,#1980,#1981));
#407=EDGE_LOOP('',(#1982,#1983,#1984,#1985));
#408=EDGE_LOOP('',(#1986,#1987,#1988,#1989));
#409=EDGE_LOOP('',(#1990,#1991,#1992,#1993));
#410=EDGE_LOOP('',(#1994,#1995,#1996,#1997));
#411=EDGE_LOOP('',(#1998,#1999,#2000,#2001));
#412=EDGE_LOOP('',(#2002,#2003,#2004,#2005));
#413=EDGE_LOOP('',(#2006,#2007,#2008,#2009));
#414=EDGE_LOOP('',(#2010,#2011,#2012,#2013));
#415=EDGE_LOOP('',(#2014,#2015,#2016,#2017,#2018));
#416=EDGE_LOOP('',(#2019,#2020,#2021,#2022,#2023,#2024));
#417=EDGE_LOOP('',(#2025,#2026,#2027,#2028,#2029,#2030));
#418=EDGE_LOOP('',(#2031,#2032,#2033,#2034,#2035,#2036));
#419=EDGE_LOOP('',(#2037,#2038,#2039,#2040,#2041,#2042));
#420=EDGE_LOOP('',(#2043,#2044,#2045,#2046,#2047,#2048));
#421=EDGE_LOOP('',(#2049,#2050,#2051,#2052,#2053,#2054));
#422=EDGE_LOOP('',(#2055,#2056,#2057,#2058,#2059,#2060));
#423=EDGE_LOOP('',(#2061,#2062,#2063,#2064,#2065,#2066));
#424=EDGE_LOOP('',(#2067,#2068,#2069,#2070,#2071,#2072));
#425=EDGE_LOOP('',(#2073,#2074,#2075,#2076,#2077,#2078));
#426=EDGE_LOOP('',(#2079,#2080,#2081,#2082,#2083,#2084));
#427=EDGE_LOOP('',(#2085,#2086,#2087,#2088,#2089,#2090));
#428=EDGE_LOOP('',(#2091,#2092,#2093,#2094,#2095,#2096));
#429=EDGE_LOOP('',(#2097,#2098,#2099,#2100,#2101,#2102));
#430=EDGE_LOOP('',(#2103,#2104,#2105,#2106,#2107,#2108));
#431=EDGE_LOOP('',(#2109,#2110,#2111,#2112,#2113));
#432=EDGE_LOOP('',(#2114,#2115,#2116,#2117,#2118,#2119,#2120,#2121));
#433=EDGE_LOOP('',(#2122));
#434=EDGE_LOOP('',(#2123));
#435=EDGE_LOOP('',(#2124,#2125,#2126,#2127,#2128,#2129,#2130,#2131,#2132,
#2133,#2134,#2135,#2136,#2137,#2138,#2139,#2140,#2141,#2142,#2143));
#436=EDGE_LOOP('',(#2144,#2145,#2146,#2147));
#437=EDGE_LOOP('',(#2148,#2149,#2150,#2151));
#438=EDGE_LOOP('',(#2152,#2153,#2154,#2155));
#439=EDGE_LOOP('',(#2156,#2157,#2158,#2159));
#440=EDGE_LOOP('',(#2160,#2161,#2162,#2163));
#441=EDGE_LOOP('',(#2164,#2165,#2166,#2167));
#442=EDGE_LOOP('',(#2168,#2169,#2170,#2171));
#443=EDGE_LOOP('',(#2172,#2173,#2174,#2175));
#444=EDGE_LOOP('',(#2176,#2177,#2178,#2179));
#445=EDGE_LOOP('',(#2180,#2181,#2182,#2183));
#446=EDGE_LOOP('',(#2184,#2185,#2186,#2187));
#447=EDGE_LOOP('',(#2188,#2189,#2190,#2191));
#448=EDGE_LOOP('',(#2192,#2193,#2194,#2195));
#449=EDGE_LOOP('',(#2196,#2197,#2198,#2199));
#450=EDGE_LOOP('',(#2200,#2201,#2202,#2203));
#451=EDGE_LOOP('',(#2204,#2205,#2206,#2207));
#452=EDGE_LOOP('',(#2208,#2209,#2210,#2211));
#453=EDGE_LOOP('',(#2212,#2213,#2214,#2215,#2216));
#454=EDGE_LOOP('',(#2217,#2218,#2219,#2220,#2221,#2222));
#455=EDGE_LOOP('',(#2223,#2224,#2225,#2226,#2227,#2228));
#456=EDGE_LOOP('',(#2229,#2230,#2231,#2232,#2233,#2234));
#457=EDGE_LOOP('',(#2235,#2236,#2237,#2238,#2239,#2240));
#458=EDGE_LOOP('',(#2241,#2242,#2243,#2244,#2245,#2246));
#459=EDGE_LOOP('',(#2247,#2248,#2249,#2250,#2251,#2252));
#460=EDGE_LOOP('',(#2253,#2254,#2255,#2256,#2257,#2258));
#461=EDGE_LOOP('',(#2259,#2260,#2261,#2262,#2263,#2264));
#462=EDGE_LOOP('',(#2265,#2266,#2267,#2268,#2269,#2270));
#463=EDGE_LOOP('',(#2271,#2272,#2273,#2274,#2275,#2276));
#464=EDGE_LOOP('',(#2277,#2278,#2279,#2280,#2281,#2282));
#465=EDGE_LOOP('',(#2283,#2284,#2285,#2286,#2287,#2288));
#466=EDGE_LOOP('',(#2289,#2290,#2291,#2292,#2293,#2294));
#467=EDGE_LOOP('',(#2295,#2296,#2297,#2298,#2299,#2300));
#468=EDGE_LOOP('',(#2301,#2302,#2303,#2304,#2305,#2306));
#469=EDGE_LOOP('',(#2307,#2308,#2309,#2310,#2311));
#470=EDGE_LOOP('',(#2312,#2313,#2314,#2315,#2316,#2317,#2318,#2319));
#471=EDGE_LOOP('',(#2320));
#472=EDGE_LOOP('',(#2321));
#473=EDGE_LOOP('',(#2322,#2323,#2324,#2325,#2326,#2327,#2328,#2329,#2330,
#2331,#2332,#2333,#2334,#2335,#2336,#2337,#2338,#2339,#2340,#2341));
#474=EDGE_LOOP('',(#2342,#2343,#2344,#2345));
#475=EDGE_LOOP('',(#2346));
#476=EDGE_LOOP('',(#2347,#2348,#2349,#2350));
#477=EDGE_LOOP('',(#2351));
#478=EDGE_LOOP('',(#2352,#2353,#2354,#2355));
#479=EDGE_LOOP('',(#2356));
#480=EDGE_LOOP('',(#2357,#2358,#2359,#2360));
#481=EDGE_LOOP('',(#2361));
#482=EDGE_LOOP('',(#2362,#2363,#2364,#2365));
#483=EDGE_LOOP('',(#2366));
#484=EDGE_LOOP('',(#2367,#2368,#2369,#2370));
#485=EDGE_LOOP('',(#2371));
#486=EDGE_LOOP('',(#2372,#2373,#2374,#2375));
#487=EDGE_LOOP('',(#2376));
#488=EDGE_LOOP('',(#2377,#2378,#2379,#2380));
#489=EDGE_LOOP('',(#2381));
#490=EDGE_LOOP('',(#2382,#2383,#2384,#2385));
#491=EDGE_LOOP('',(#2386));
#492=EDGE_LOOP('',(#2387,#2388,#2389,#2390));
#493=EDGE_LOOP('',(#2391));
#494=EDGE_LOOP('',(#2392,#2393,#2394,#2395));
#495=EDGE_LOOP('',(#2396));
#496=EDGE_LOOP('',(#2397,#2398,#2399,#2400));
#497=EDGE_LOOP('',(#2401));
#498=EDGE_LOOP('',(#2402,#2403,#2404,#2405));
#499=EDGE_LOOP('',(#2406));
#500=EDGE_LOOP('',(#2407,#2408,#2409,#2410));
#501=EDGE_LOOP('',(#2411));
#502=EDGE_LOOP('',(#2412,#2413,#2414,#2415));
#503=EDGE_LOOP('',(#2416));
#504=EDGE_LOOP('',(#2417,#2418,#2419,#2420));
#505=EDGE_LOOP('',(#2421));
#506=EDGE_LOOP('',(#2422,#2423,#2424,#2425));
#507=EDGE_LOOP('',(#2426));
#508=EDGE_LOOP('',(#2427,#2428,#2429,#2430));
#509=EDGE_LOOP('',(#2431));
#510=EDGE_LOOP('',(#2432,#2433,#2434,#2435));
#511=EDGE_LOOP('',(#2436));
#512=EDGE_LOOP('',(#2437,#2438,#2439,#2440));
#513=EDGE_LOOP('',(#2441));
#514=EDGE_LOOP('',(#2442,#2443,#2444,#2445));
#515=EDGE_LOOP('',(#2446));
#516=EDGE_LOOP('',(#2447,#2448,#2449,#2450));
#517=EDGE_LOOP('',(#2451));
#518=EDGE_LOOP('',(#2452,#2453,#2454,#2455));
#519=EDGE_LOOP('',(#2456));
#520=EDGE_LOOP('',(#2457,#2458,#2459,#2460));
#521=EDGE_LOOP('',(#2461));
#522=EDGE_LOOP('',(#2462,#2463,#2464,#2465));
#523=EDGE_LOOP('',(#2466));
#524=EDGE_LOOP('',(#2467,#2468,#2469,#2470));
#525=EDGE_LOOP('',(#2471));
#526=EDGE_LOOP('',(#2472,#2473,#2474,#2475));
#527=EDGE_LOOP('',(#2476));
#528=EDGE_LOOP('',(#2477,#2478,#2479,#2480));
#529=EDGE_LOOP('',(#2481));
#530=EDGE_LOOP('',(#2482,#2483,#2484,#2485));
#531=EDGE_LOOP('',(#2486));
#532=EDGE_LOOP('',(#2487,#2488,#2489,#2490));
#533=EDGE_LOOP('',(#2491));
#534=EDGE_LOOP('',(#2492,#2493,#2494,#2495));
#535=EDGE_LOOP('',(#2496));
#536=EDGE_LOOP('',(#2497,#2498,#2499,#2500));
#537=EDGE_LOOP('',(#2501));
#538=EDGE_LOOP('',(#2502,#2503,#2504,#2505));
#539=EDGE_LOOP('',(#2506));
#540=EDGE_LOOP('',(#2507,#2508,#2509,#2510));
#541=EDGE_LOOP('',(#2511));
#542=EDGE_LOOP('',(#2512,#2513,#2514,#2515));
#543=EDGE_LOOP('',(#2516));
#544=EDGE_LOOP('',(#2517,#2518,#2519,#2520));
#545=EDGE_LOOP('',(#2521));
#546=EDGE_LOOP('',(#2522,#2523,#2524,#2525));
#547=EDGE_LOOP('',(#2526));
#548=EDGE_LOOP('',(#2527,#2528,#2529,#2530));
#549=EDGE_LOOP('',(#2531));
#550=EDGE_LOOP('',(#2532,#2533,#2534,#2535));
#551=EDGE_LOOP('',(#2536));
#552=EDGE_LOOP('',(#2537,#2538,#2539,#2540));
#553=EDGE_LOOP('',(#2541));
#554=EDGE_LOOP('',(#2542,#2543,#2544,#2545));
#555=EDGE_LOOP('',(#2546));
#556=EDGE_LOOP('',(#2547,#2548,#2549,#2550));
#557=EDGE_LOOP('',(#2551));
#558=EDGE_LOOP('',(#2552,#2553,#2554,#2555));
#559=EDGE_LOOP('',(#2556));
#560=EDGE_LOOP('',(#2557,#2558,#2559,#2560));
#561=EDGE_LOOP('',(#2561));
#562=EDGE_LOOP('',(#2562,#2563,#2564,#2565));
#563=EDGE_LOOP('',(#2566));
#564=EDGE_LOOP('',(#2567,#2568,#2569,#2570));
#565=EDGE_LOOP('',(#2571));
#566=EDGE_LOOP('',(#2572,#2573,#2574,#2575));
#567=EDGE_LOOP('',(#2576));
#568=EDGE_LOOP('',(#2577,#2578,#2579,#2580));
#569=EDGE_LOOP('',(#2581));
#570=EDGE_LOOP('',(#2582,#2583,#2584,#2585));
#571=EDGE_LOOP('',(#2586));
#572=EDGE_LOOP('',(#2587,#2588,#2589,#2590));
#573=EDGE_LOOP('',(#2591));
#574=EDGE_LOOP('',(#2592,#2593,#2594,#2595));
#575=EDGE_LOOP('',(#2596));
#576=EDGE_LOOP('',(#2597,#2598,#2599,#2600));
#577=EDGE_LOOP('',(#2601));
#578=EDGE_LOOP('',(#2602,#2603,#2604,#2605));
#579=EDGE_LOOP('',(#2606));
#580=EDGE_LOOP('',(#2607,#2608,#2609,#2610));
#581=EDGE_LOOP('',(#2611));
#582=EDGE_LOOP('',(#2612,#2613,#2614,#2615));
#583=EDGE_LOOP('',(#2616));
#584=EDGE_LOOP('',(#2617,#2618,#2619,#2620));
#585=EDGE_LOOP('',(#2621));
#586=EDGE_LOOP('',(#2622,#2623,#2624,#2625));
#587=EDGE_LOOP('',(#2626));
#588=EDGE_LOOP('',(#2627,#2628,#2629,#2630));
#589=EDGE_LOOP('',(#2631));
#590=EDGE_LOOP('',(#2632,#2633,#2634,#2635));
#591=EDGE_LOOP('',(#2636));
#592=EDGE_LOOP('',(#2637,#2638,#2639,#2640));
#593=EDGE_LOOP('',(#2641));
#594=EDGE_LOOP('',(#2642,#2643,#2644,#2645));
#595=EDGE_LOOP('',(#2646));
#596=EDGE_LOOP('',(#2647,#2648,#2649,#2650));
#597=EDGE_LOOP('',(#2651));
#598=EDGE_LOOP('',(#2652,#2653,#2654,#2655));
#599=EDGE_LOOP('',(#2656));
#600=EDGE_LOOP('',(#2657,#2658,#2659,#2660));
#601=EDGE_LOOP('',(#2661,#2662,#2663,#2664));
#602=EDGE_LOOP('',(#2665,#2666,#2667,#2668));
#603=EDGE_LOOP('',(#2669,#2670,#2671,#2672));
#604=EDGE_LOOP('',(#2673,#2674,#2675,#2676,#2677,#2678,#2679,#2680,#2681,
#2682,#2683,#2684,#2685,#2686,#2687,#2688,#2689,#2690,#2691,#2692));
#605=EDGE_LOOP('',(#2693,#2694,#2695,#2696,#2697,#2698,#2699,#2700,#2701,
#2702,#2703,#2704,#2705,#2706,#2707,#2708,#2709,#2710,#2711,#2712));
#606=EDGE_LOOP('',(#2713,#2714,#2715,#2716));
#607=EDGE_LOOP('',(#2717,#2718,#2719,#2720));
#608=EDGE_LOOP('',(#2721,#2722,#2723,#2724));
#609=EDGE_LOOP('',(#2725));
#610=EDGE_LOOP('',(#2726));
#611=EDGE_LOOP('',(#2727));
#612=EDGE_LOOP('',(#2728));
#613=EDGE_LOOP('',(#2729));
#614=EDGE_LOOP('',(#2730));
#615=EDGE_LOOP('',(#2731));
#616=EDGE_LOOP('',(#2732));
#617=EDGE_LOOP('',(#2733));
#618=EDGE_LOOP('',(#2734));
#619=EDGE_LOOP('',(#2735));
#620=EDGE_LOOP('',(#2736));
#621=EDGE_LOOP('',(#2737));
#622=EDGE_LOOP('',(#2738));
#623=EDGE_LOOP('',(#2739));
#624=EDGE_LOOP('',(#2740));
#625=EDGE_LOOP('',(#2741));
#626=EDGE_LOOP('',(#2742));
#627=EDGE_LOOP('',(#2743));
#628=EDGE_LOOP('',(#2744));
#629=EDGE_LOOP('',(#2745));
#630=EDGE_LOOP('',(#2746));
#631=EDGE_LOOP('',(#2747));
#632=EDGE_LOOP('',(#2748));
#633=EDGE_LOOP('',(#2749));
#634=EDGE_LOOP('',(#2750));
#635=EDGE_LOOP('',(#2751));
#636=EDGE_LOOP('',(#2752));
#637=EDGE_LOOP('',(#2753));
#638=EDGE_LOOP('',(#2754));
#639=EDGE_LOOP('',(#2755));
#640=EDGE_LOOP('',(#2756));
#641=EDGE_LOOP('',(#2757));
#642=EDGE_LOOP('',(#2758));
#643=EDGE_LOOP('',(#2759));
#644=EDGE_LOOP('',(#2760));
#645=EDGE_LOOP('',(#2761));
#646=EDGE_LOOP('',(#2762));
#647=EDGE_LOOP('',(#2763));
#648=EDGE_LOOP('',(#2764));
#649=EDGE_LOOP('',(#2765));
#650=EDGE_LOOP('',(#2766));
#651=EDGE_LOOP('',(#2767));
#652=EDGE_LOOP('',(#2768));
#653=EDGE_LOOP('',(#2769));
#654=EDGE_LOOP('',(#2770));
#655=EDGE_LOOP('',(#2771));
#656=EDGE_LOOP('',(#2772));
#657=EDGE_LOOP('',(#2773));
#658=EDGE_LOOP('',(#2774));
#659=EDGE_LOOP('',(#2775));
#660=EDGE_LOOP('',(#2776));
#661=EDGE_LOOP('',(#2777));
#662=EDGE_LOOP('',(#2778));
#663=EDGE_LOOP('',(#2779));
#664=EDGE_LOOP('',(#2780));
#665=EDGE_LOOP('',(#2781));
#666=EDGE_LOOP('',(#2782));
#667=EDGE_LOOP('',(#2783));
#668=EDGE_LOOP('',(#2784));
#669=EDGE_LOOP('',(#2785));
#670=EDGE_LOOP('',(#2786));
#671=EDGE_LOOP('',(#2787));
#672=EDGE_LOOP('',(#2788,#2789,#2790,#2791));
#673=CIRCLE('',#3113,4.49999999999999);
#674=CIRCLE('',#3114,4.49999999999999);
#675=CIRCLE('',#3116,1.64589694410292);
#676=CIRCLE('',#3117,4.49999999999999);
#677=CIRCLE('',#3118,8.35410087660226);
#678=CIRCLE('',#3120,4.49999999999999);
#679=CIRCLE('',#3122,8.35410196624965);
#680=CIRCLE('',#3123,4.49999999999999);
#681=CIRCLE('',#3124,1.64589803375031);
#682=CIRCLE('',#3126,4.49999999999999);
#683=CIRCLE('',#3128,1.64589803375035);
#684=CIRCLE('',#3129,4.49999999999999);
#685=CIRCLE('',#3130,8.35410196624969);
#686=CIRCLE('',#3132,4.49999999999999);
#687=CIRCLE('',#3134,8.35410196624965);
#688=CIRCLE('',#3135,4.49999999999999);
#689=CIRCLE('',#3136,1.64589803375031);
#690=CIRCLE('',#3138,4.49999999999999);
#691=CIRCLE('',#3140,1.64589803375035);
#692=CIRCLE('',#3141,4.49999999999999);
#693=CIRCLE('',#3142,8.35410196624969);
#694=CIRCLE('',#3144,4.49999999999999);
#695=CIRCLE('',#3146,8.35410196624965);
#696=CIRCLE('',#3147,4.49999999999999);
#697=CIRCLE('',#3148,1.64589803375031);
#698=CIRCLE('',#3150,4.49999999999999);
#699=CIRCLE('',#3152,1.64589803375035);
#700=CIRCLE('',#3153,4.49999999999999);
#701=CIRCLE('',#3154,8.35410196624969);
#702=CIRCLE('',#3156,4.49999999999999);
#703=CIRCLE('',#3158,8.35410196624965);
#704=CIRCLE('',#3159,4.49999999999999);
#705=CIRCLE('',#3160,1.64589803375031);
#706=CIRCLE('',#3162,4.49999999999999);
#707=CIRCLE('',#3164,2.95);
#708=CIRCLE('',#3165,2.95);
#709=CIRCLE('',#3166,2.95);
#710=CIRCLE('',#3168,2.95);
#711=CIRCLE('',#3169,2.95);
#712=CIRCLE('',#3170,2.04999999999998);
#713=CIRCLE('',#3172,2.95);
#714=CIRCLE('',#3173,2.95);
#715=CIRCLE('',#3175,2.95);
#716=CIRCLE('',#3176,2.95);
#717=CIRCLE('',#3177,2.05000000000002);
#718=CIRCLE('',#3179,2.95);
#719=CIRCLE('',#3180,2.95);
#720=CIRCLE('',#3182,2.95);
#721=CIRCLE('',#3183,2.95);
#722=CIRCLE('',#3184,2.04999999999998);
#723=CIRCLE('',#3186,2.95);
#724=CIRCLE('',#3187,2.95);
#725=CIRCLE('',#3189,2.95);
#726=CIRCLE('',#3190,2.95);
#727=CIRCLE('',#3191,2.05000000000002);
#728=CIRCLE('',#3193,2.95);
#729=CIRCLE('',#3194,2.95);
#730=CIRCLE('',#3196,2.95);
#731=CIRCLE('',#3197,2.95);
#732=CIRCLE('',#3198,2.04999999999998);
#733=CIRCLE('',#3200,2.95);
#734=CIRCLE('',#3201,2.95);
#735=CIRCLE('',#3203,2.95);
#736=CIRCLE('',#3204,2.95);
#737=CIRCLE('',#3205,2.05000000000002);
#738=CIRCLE('',#3207,2.95);
#739=CIRCLE('',#3208,2.95);
#740=CIRCLE('',#3210,2.95);
#741=CIRCLE('',#3211,2.95);
#742=CIRCLE('',#3212,2.04999999999998);
#743=CIRCLE('',#3214,2.95);
#744=CIRCLE('',#3215,2.95);
#745=CIRCLE('',#3217,2.95);
#746=CIRCLE('',#3218,2.95);
#747=CIRCLE('',#3219,2.04999891035259);
#748=CIRCLE('',#3221,2.95);
#749=CIRCLE('',#3223,4.49999999999999);
#750=CIRCLE('',#3224,2.95);
#751=CIRCLE('',#3227,4.49999999999999);
#752=CIRCLE('',#3228,4.49999999999999);
#753=CIRCLE('',#3230,1.64589876018194);
#754=CIRCLE('',#3231,4.49999999999999);
#755=CIRCLE('',#3232,8.35410269268128);
#756=CIRCLE('',#3234,4.49999999999999);
#757=CIRCLE('',#3236,8.35410196624965);
#758=CIRCLE('',#3237,4.49999999999999);
#759=CIRCLE('',#3238,1.64589803375031);
#760=CIRCLE('',#3240,4.49999999999999);
#761=CIRCLE('',#3242,1.64589803375035);
#762=CIRCLE('',#3243,4.49999999999999);
#763=CIRCLE('',#3244,8.35410196624969);
#764=CIRCLE('',#3246,4.49999999999999);
#765=CIRCLE('',#3248,8.35410196624965);
#766=CIRCLE('',#3249,4.49999999999999);
#767=CIRCLE('',#3250,1.64589803375031);
#768=CIRCLE('',#3252,4.49999999999999);
#769=CIRCLE('',#3254,1.64589803375035);
#770=CIRCLE('',#3255,4.49999999999999);
#771=CIRCLE('',#3256,8.35410196624969);
#772=CIRCLE('',#3258,4.49999999999999);
#773=CIRCLE('',#3260,8.35410196624965);
#774=CIRCLE('',#3261,4.49999999999999);
#775=CIRCLE('',#3262,1.64589803375031);
#776=CIRCLE('',#3264,4.49999999999999);
#777=CIRCLE('',#3266,1.64589803375035);
#778=CIRCLE('',#3267,4.49999999999999);
#779=CIRCLE('',#3268,8.35410196624969);
#780=CIRCLE('',#3270,4.49999999999999);
#781=CIRCLE('',#3272,8.35410196624965);
#782=CIRCLE('',#3273,4.49999999999999);
#783=CIRCLE('',#3274,1.64589803375031);
#784=CIRCLE('',#3277,2.95);
#785=CIRCLE('',#3278,2.95);
#786=CIRCLE('',#3280,2.95);
#787=CIRCLE('',#3281,2.95);
#788=CIRCLE('',#3282,2.04999999999998);
#789=CIRCLE('',#3284,2.95);
#790=CIRCLE('',#3285,2.95);
#791=CIRCLE('',#3287,2.95);
#792=CIRCLE('',#3288,2.95);
#793=CIRCLE('',#3289,2.05000000000002);
#794=CIRCLE('',#3291,2.95);
#795=CIRCLE('',#3292,2.95);
#796=CIRCLE('',#3294,2.95);
#797=CIRCLE('',#3295,2.95);
#798=CIRCLE('',#3296,2.04999999999998);
#799=CIRCLE('',#3298,2.95);
#800=CIRCLE('',#3299,2.95);
#801=CIRCLE('',#3301,2.95);
#802=CIRCLE('',#3302,2.95);
#803=CIRCLE('',#3303,2.05000000000002);
#804=CIRCLE('',#3305,2.95);
#805=CIRCLE('',#3306,2.95);
#806=CIRCLE('',#3308,2.95);
#807=CIRCLE('',#3309,2.95);
#808=CIRCLE('',#3310,2.04999999999998);
#809=CIRCLE('',#3312,2.95);
#810=CIRCLE('',#3313,2.95);
#811=CIRCLE('',#3315,2.95);
#812=CIRCLE('',#3316,2.95);
#813=CIRCLE('',#3317,2.05000000000002);
#814=CIRCLE('',#3319,2.95);
#815=CIRCLE('',#3320,2.95);
#816=CIRCLE('',#3322,2.95);
#817=CIRCLE('',#3323,2.95);
#818=CIRCLE('',#3324,2.04999999999998);
#819=CIRCLE('',#3326,2.95);
#820=CIRCLE('',#3327,2.95);
#821=CIRCLE('',#3329,2.95);
#822=CIRCLE('',#3330,2.95);
#823=CIRCLE('',#3331,2.05000072643161);
#824=CIRCLE('',#3333,2.95);
#825=CIRCLE('',#3337,12.5);
#826=CIRCLE('',#3338,12.5);
#827=CIRCLE('',#3341,12.5);
#828=CIRCLE('',#3342,12.5);
#829=CIRCLE('',#3345,12.5);
#830=CIRCLE('',#3346,12.5);
#831=CIRCLE('',#3349,12.5);
#832=CIRCLE('',#3350,12.5);
#833=CIRCLE('',#3353,12.5);
#834=CIRCLE('',#3354,12.5);
#835=CIRCLE('',#3357,12.5);
#836=CIRCLE('',#3358,12.5);
#837=CIRCLE('',#3361,12.5);
#838=CIRCLE('',#3362,12.5);
#839=CIRCLE('',#3365,12.5);
#840=CIRCLE('',#3366,12.5);
#841=CIRCLE('',#3369,12.5);
#842=CIRCLE('',#3370,12.5);
#843=CIRCLE('',#3373,12.5);
#844=CIRCLE('',#3374,12.5);
#845=CIRCLE('',#3377,12.5);
#846=CIRCLE('',#3378,12.5);
#847=CIRCLE('',#3381,12.5);
#848=CIRCLE('',#3382,12.5);
#849=CIRCLE('',#3385,12.5);
#850=CIRCLE('',#3386,12.5);
#851=CIRCLE('',#3389,12.5);
#852=CIRCLE('',#3390,12.5);
#853=CIRCLE('',#3393,12.5);
#854=CIRCLE('',#3394,12.5);
#855=CIRCLE('',#3397,12.5);
#856=CIRCLE('',#3398,12.5);
#857=CIRCLE('',#3401,12.5);
#858=CIRCLE('',#3402,12.5);
#859=CIRCLE('',#3405,12.5);
#860=CIRCLE('',#3406,12.5);
#861=CIRCLE('',#3409,12.5);
#862=CIRCLE('',#3410,12.5);
#863=CIRCLE('',#3413,12.5);
#864=CIRCLE('',#3414,12.5);
#865=CIRCLE('',#3417,12.5);
#866=CIRCLE('',#3418,12.5);
#867=CIRCLE('',#3421,12.5);
#868=CIRCLE('',#3422,12.5);
#869=CIRCLE('',#3425,12.5);
#870=CIRCLE('',#3426,12.5);
#871=CIRCLE('',#3429,12.5);
#872=CIRCLE('',#3430,12.5);
#873=CIRCLE('',#3433,12.5);
#874=CIRCLE('',#3434,12.5);
#875=CIRCLE('',#3437,12.5);
#876=CIRCLE('',#3438,12.5);
#877=CIRCLE('',#3441,12.5);
#878=CIRCLE('',#3442,12.5);
#879=CIRCLE('',#3445,12.5);
#880=CIRCLE('',#3446,12.5);
#881=CIRCLE('',#3449,12.5);
#882=CIRCLE('',#3450,12.5);
#883=CIRCLE('',#3453,12.5);
#884=CIRCLE('',#3454,12.5);
#885=CIRCLE('',#3457,12.5);
#886=CIRCLE('',#3458,12.5);
#887=CIRCLE('',#3461,12.5);
#888=CIRCLE('',#3462,12.5);
#889=CIRCLE('',#3465,12.5);
#890=CIRCLE('',#3466,12.5);
#891=CIRCLE('',#3469,12.5);
#892=CIRCLE('',#3470,12.5);
#893=CIRCLE('',#3473,12.5);
#894=CIRCLE('',#3474,12.5);
#895=CIRCLE('',#3477,12.5);
#896=CIRCLE('',#3478,12.5);
#897=CIRCLE('',#3481,12.5);
#898=CIRCLE('',#3482,12.5);
#899=CIRCLE('',#3485,12.5);
#900=CIRCLE('',#3486,12.5);
#901=CIRCLE('',#3489,12.5);
#902=CIRCLE('',#3490,12.5);
#903=CIRCLE('',#3493,12.5);
#904=CIRCLE('',#3494,12.5);
#905=CIRCLE('',#3497,12.5);
#906=CIRCLE('',#3498,12.5);
#907=CIRCLE('',#3501,12.5);
#908=CIRCLE('',#3502,12.5);
#909=CIRCLE('',#3505,12.5);
#910=CIRCLE('',#3506,12.5);
#911=CIRCLE('',#3509,12.5);
#912=CIRCLE('',#3510,12.5);
#913=CIRCLE('',#3513,12.5);
#914=CIRCLE('',#3514,12.5);
#915=CIRCLE('',#3517,12.5);
#916=CIRCLE('',#3518,12.5);
#917=CIRCLE('',#3521,12.5);
#918=CIRCLE('',#3522,12.5);
#919=CIRCLE('',#3525,12.5);
#920=CIRCLE('',#3526,12.5);
#921=CIRCLE('',#3529,12.5);
#922=CIRCLE('',#3530,12.5);
#923=CIRCLE('',#3533,12.5);
#924=CIRCLE('',#3534,12.5);
#925=CIRCLE('',#3537,12.5);
#926=CIRCLE('',#3538,12.5);
#927=CIRCLE('',#3541,12.5);
#928=CIRCLE('',#3542,12.5);
#929=CIRCLE('',#3545,12.5);
#930=CIRCLE('',#3546,12.5);
#931=CIRCLE('',#3549,12.5);
#932=CIRCLE('',#3550,12.5);
#933=CIRCLE('',#3553,12.5);
#934=CIRCLE('',#3554,12.5);
#935=CIRCLE('',#3557,12.5);
#936=CIRCLE('',#3558,12.5);
#937=CIRCLE('',#3561,12.5);
#938=CIRCLE('',#3562,12.5);
#939=CIRCLE('',#3565,12.5);
#940=CIRCLE('',#3566,12.5);
#941=CIRCLE('',#3569,12.5);
#942=CIRCLE('',#3570,12.5);
#943=CIRCLE('',#3573,12.5);
#944=CIRCLE('',#3574,12.5);
#945=CIRCLE('',#3577,12.5);
#946=CIRCLE('',#3578,12.5);
#947=CIRCLE('',#3581,12.5);
#948=CIRCLE('',#3582,12.5);
#949=CIRCLE('',#3585,12.5);
#950=CIRCLE('',#3586,12.5);
#951=LINE('',#4718,#1096);
#952=LINE('',#4722,#1097);
#953=LINE('',#4732,#1098);
#954=LINE('',#4735,#1099);
#955=LINE('',#4744,#1100);
#956=LINE('',#4747,#1101);
#957=LINE('',#4756,#1102);
#958=LINE('',#4759,#1103);
#959=LINE('',#4768,#1104);
#960=LINE('',#4771,#1105);
#961=LINE('',#4780,#1106);
#962=LINE('',#4783,#1107);
#963=LINE('',#4792,#1108);
#964=LINE('',#4795,#1109);
#965=LINE('',#4804,#1110);
#966=LINE('',#4807,#1111);
#967=LINE('',#4816,#1112);
#968=LINE('',#4819,#1113);
#969=LINE('',#4825,#1114);
#970=LINE('',#4838,#1115);
#971=LINE('',#4850,#1116);
#972=LINE('',#4862,#1117);
#973=LINE('',#4874,#1118);
#974=LINE('',#4886,#1119);
#975=LINE('',#4898,#1120);
#976=LINE('',#4910,#1121);
#977=LINE('',#4921,#1122);
#978=LINE('',#4924,#1123);
#979=LINE('',#4926,#1124);
#980=LINE('',#4928,#1125);
#981=LINE('',#4932,#1126);
#982=LINE('',#4934,#1127);
#983=LINE('',#4935,#1128);
#984=LINE('',#4940,#1129);
#985=LINE('',#4941,#1130);
#986=LINE('',#4945,#1131);
#987=LINE('',#4949,#1132);
#988=LINE('',#4959,#1133);
#989=LINE('',#4962,#1134);
#990=LINE('',#4971,#1135);
#991=LINE('',#4974,#1136);
#992=LINE('',#4983,#1137);
#993=LINE('',#4986,#1138);
#994=LINE('',#4995,#1139);
#995=LINE('',#4998,#1140);
#996=LINE('',#5007,#1141);
#997=LINE('',#5010,#1142);
#998=LINE('',#5019,#1143);
#999=LINE('',#5022,#1144);
#1000=LINE('',#5031,#1145);
#1001=LINE('',#5034,#1146);
#1002=LINE('',#5042,#1147);
#1003=LINE('',#5043,#1148);
#1004=LINE('',#5048,#1149);
#1005=LINE('',#5060,#1150);
#1006=LINE('',#5072,#1151);
#1007=LINE('',#5084,#1152);
#1008=LINE('',#5096,#1153);
#1009=LINE('',#5108,#1154);
#1010=LINE('',#5120,#1155);
#1011=LINE('',#5132,#1156);
#1012=LINE('',#5143,#1157);
#1013=LINE('',#5146,#1158);
#1014=LINE('',#5148,#1159);
#1015=LINE('',#5149,#1160);
#1016=LINE('',#5151,#1161);
#1017=LINE('',#5152,#1162);
#1018=LINE('',#5154,#1163);
#1019=LINE('',#5159,#1164);
#1020=LINE('',#5166,#1165);
#1021=LINE('',#5173,#1166);
#1022=LINE('',#5180,#1167);
#1023=LINE('',#5187,#1168);
#1024=LINE('',#5194,#1169);
#1025=LINE('',#5201,#1170);
#1026=LINE('',#5208,#1171);
#1027=LINE('',#5215,#1172);
#1028=LINE('',#5222,#1173);
#1029=LINE('',#5229,#1174);
#1030=LINE('',#5236,#1175);
#1031=LINE('',#5243,#1176);
#1032=LINE('',#5250,#1177);
#1033=LINE('',#5257,#1178);
#1034=LINE('',#5264,#1179);
#1035=LINE('',#5271,#1180);
#1036=LINE('',#5278,#1181);
#1037=LINE('',#5285,#1182);
#1038=LINE('',#5292,#1183);
#1039=LINE('',#5299,#1184);
#1040=LINE('',#5306,#1185);
#1041=LINE('',#5313,#1186);
#1042=LINE('',#5320,#1187);
#1043=LINE('',#5327,#1188);
#1044=LINE('',#5334,#1189);
#1045=LINE('',#5341,#1190);
#1046=LINE('',#5348,#1191);
#1047=LINE('',#5355,#1192);
#1048=LINE('',#5362,#1193);
#1049=LINE('',#5369,#1194);
#1050=LINE('',#5376,#1195);
#1051=LINE('',#5383,#1196);
#1052=LINE('',#5390,#1197);
#1053=LINE('',#5397,#1198);
#1054=LINE('',#5404,#1199);
#1055=LINE('',#5411,#1200);
#1056=LINE('',#5418,#1201);
#1057=LINE('',#5425,#1202);
#1058=LINE('',#5432,#1203);
#1059=LINE('',#5439,#1204);
#1060=LINE('',#5446,#1205);
#1061=LINE('',#5453,#1206);
#1062=LINE('',#5460,#1207);
#1063=LINE('',#5467,#1208);
#1064=LINE('',#5474,#1209);
#1065=LINE('',#5481,#1210);
#1066=LINE('',#5488,#1211);
#1067=LINE('',#5495,#1212);
#1068=LINE('',#5502,#1213);
#1069=LINE('',#5509,#1214);
#1070=LINE('',#5516,#1215);
#1071=LINE('',#5523,#1216);
#1072=LINE('',#5530,#1217);
#1073=LINE('',#5537,#1218);
#1074=LINE('',#5544,#1219);
#1075=LINE('',#5551,#1220);
#1076=LINE('',#5558,#1221);
#1077=LINE('',#5565,#1222);
#1078=LINE('',#5572,#1223);
#1079=LINE('',#5579,#1224);
#1080=LINE('',#5586,#1225);
#1081=LINE('',#5593,#1226);
#1082=LINE('',#5599,#1227);
#1083=LINE('',#5601,#1228);
#1084=LINE('',#5603,#1229);
#1085=LINE('',#5604,#1230);
#1086=LINE('',#5607,#1231);
#1087=LINE('',#5609,#1232);
#1088=LINE('',#5610,#1233);
#1089=LINE('',#5613,#1234);
#1090=LINE('',#5615,#1235);
#1091=LINE('',#5616,#1236);
#1092=LINE('',#5618,#1237);
#1093=LINE('',#5619,#1238);
#1094=LINE('',#5621,#1239);
#1095=LINE('',#5623,#1240);
#1096=VECTOR('',#3601,10.);
#1097=VECTOR('',#3604,10.);
#1098=VECTOR('',#3617,10.);
#1099=VECTOR('',#3620,10.);
#1100=VECTOR('',#3631,10.);
#1101=VECTOR('',#3634,10.);
#1102=VECTOR('',#3645,10.);
#1103=VECTOR('',#3648,10.);
#1104=VECTOR('',#3659,10.);
#1105=VECTOR('',#3662,10.);
#1106=VECTOR('',#3673,10.);
#1107=VECTOR('',#3676,10.);
#1108=VECTOR('',#3687,10.);
#1109=VECTOR('',#3690,10.);
#1110=VECTOR('',#3701,10.);
#1111=VECTOR('',#3704,10.);
#1112=VECTOR('',#3715,10.);
#1113=VECTOR('',#3718,10.);
#1114=VECTOR('',#3723,2.95);
#1115=VECTOR('',#3740,2.95);
#1116=VECTOR('',#3755,2.95);
#1117=VECTOR('',#3770,2.95);
#1118=VECTOR('',#3785,2.95);
#1119=VECTOR('',#3800,2.95);
#1120=VECTOR('',#3815,2.95);
#1121=VECTOR('',#3830,2.95);
#1122=VECTOR('',#3845,2.95);
#1123=VECTOR('',#3848,10.);
#1124=VECTOR('',#3849,10.);
#1125=VECTOR('',#3850,10.);
#1126=VECTOR('',#3853,10.);
#1127=VECTOR('',#3854,10.);
#1128=VECTOR('',#3855,10.);
#1129=VECTOR('',#3860,10.);
#1130=VECTOR('',#3861,10.);
#1131=VECTOR('',#3864,10.);
#1132=VECTOR('',#3867,10.);
#1133=VECTOR('',#3880,10.);
#1134=VECTOR('',#3883,10.);
#1135=VECTOR('',#3894,10.);
#1136=VECTOR('',#3897,10.);
#1137=VECTOR('',#3908,10.);
#1138=VECTOR('',#3911,10.);
#1139=VECTOR('',#3922,10.);
#1140=VECTOR('',#3925,10.);
#1141=VECTOR('',#3936,10.);
#1142=VECTOR('',#3939,10.);
#1143=VECTOR('',#3950,10.);
#1144=VECTOR('',#3953,10.);
#1145=VECTOR('',#3964,10.);
#1146=VECTOR('',#3967,10.);
#1147=VECTOR('',#3978,10.);
#1148=VECTOR('',#3979,10.);
#1149=VECTOR('',#3984,2.95);
#1150=VECTOR('',#3999,2.95);
#1151=VECTOR('',#4014,2.95);
#1152=VECTOR('',#4029,2.95);
#1153=VECTOR('',#4044,2.95);
#1154=VECTOR('',#4059,2.95);
#1155=VECTOR('',#4074,2.95);
#1156=VECTOR('',#4089,2.95);
#1157=VECTOR('',#4104,2.95);
#1158=VECTOR('',#4107,10.);
#1159=VECTOR('',#4108,10.);
#1160=VECTOR('',#4109,10.);
#1161=VECTOR('',#4110,10.);
#1162=VECTOR('',#4111,10.);
#1163=VECTOR('',#4114,10.);
#1164=VECTOR('',#4119,12.5);
#1165=VECTOR('',#4128,12.5);
#1166=VECTOR('',#4137,12.5);
#1167=VECTOR('',#4146,12.5);
#1168=VECTOR('',#4155,12.5);
#1169=VECTOR('',#4164,12.5);
#1170=VECTOR('',#4173,12.5);
#1171=VECTOR('',#4182,12.5);
#1172=VECTOR('',#4191,12.5);
#1173=VECTOR('',#4200,12.5);
#1174=VECTOR('',#4209,12.5);
#1175=VECTOR('',#4218,12.5);
#1176=VECTOR('',#4227,12.5);
#1177=VECTOR('',#4236,12.5);
#1178=VECTOR('',#4245,12.5);
#1179=VECTOR('',#4254,12.5);
#1180=VECTOR('',#4263,12.5);
#1181=VECTOR('',#4272,12.5);
#1182=VECTOR('',#4281,12.5);
#1183=VECTOR('',#4290,12.5);
#1184=VECTOR('',#4299,12.5);
#1185=VECTOR('',#4308,12.5);
#1186=VECTOR('',#4317,12.5);
#1187=VECTOR('',#4326,12.5);
#1188=VECTOR('',#4335,12.5);
#1189=VECTOR('',#4344,12.5);
#1190=VECTOR('',#4353,12.5);
#1191=VECTOR('',#4362,12.5);
#1192=VECTOR('',#4371,12.5);
#1193=VECTOR('',#4380,12.5);
#1194=VECTOR('',#4389,12.5);
#1195=VECTOR('',#4398,12.5);
#1196=VECTOR('',#4407,12.5);
#1197=VECTOR('',#4416,12.5);
#1198=VECTOR('',#4425,12.5);
#1199=VECTOR('',#4434,12.5);
#1200=VECTOR('',#4443,12.5);
#1201=VECTOR('',#4452,12.5);
#1202=VECTOR('',#4461,12.5);
#1203=VECTOR('',#4470,12.5);
#1204=VECTOR('',#4479,12.5);
#1205=VECTOR('',#4488,12.5);
#1206=VECTOR('',#4497,12.5);
#1207=VECTOR('',#4506,12.5);
#1208=VECTOR('',#4515,12.5);
#1209=VECTOR('',#4524,12.5);
#1210=VECTOR('',#4533,12.5);
#1211=VECTOR('',#4542,12.5);
#1212=VECTOR('',#4551,12.5);
#1213=VECTOR('',#4560,12.5);
#1214=VECTOR('',#4569,12.5);
#1215=VECTOR('',#4578,12.5);
#1216=VECTOR('',#4587,12.5);
#1217=VECTOR('',#4596,12.5);
#1218=VECTOR('',#4605,12.5);
#1219=VECTOR('',#4614,12.5);
#1220=VECTOR('',#4623,12.5);
#1221=VECTOR('',#4632,12.5);
#1222=VECTOR('',#4641,12.5);
#1223=VECTOR('',#4650,12.5);
#1224=VECTOR('',#4659,12.5);
#1225=VECTOR('',#4668,12.5);
#1226=VECTOR('',#4677,12.5);
#1227=VECTOR('',#4684,10.);
#1228=VECTOR('',#4685,10.);
#1229=VECTOR('',#4686,10.);
#1230=VECTOR('',#4687,10.);
#1231=VECTOR('',#4690,10.);
#1232=VECTOR('',#4691,10.);
#1233=VECTOR('',#4692,10.);
#1234=VECTOR('',#4695,10.);
#1235=VECTOR('',#4696,10.);
#1236=VECTOR('',#4697,10.);
#1237=VECTOR('',#4700,10.);
#1238=VECTOR('',#4701,10.);
#1239=VECTOR('',#4704,10.);
#1240=VECTOR('',#4707,10.);
#1241=VERTEX_POINT('',#4716);
#1242=VERTEX_POINT('',#4717);
#1243=VERTEX_POINT('',#4719);
#1244=VERTEX_POINT('',#4721);
#1245=VERTEX_POINT('',#4725);
#1246=VERTEX_POINT('',#4727);
#1247=VERTEX_POINT('',#4731);
#1248=VERTEX_POINT('',#4733);
#1249=VERTEX_POINT('',#4737);
#1250=VERTEX_POINT('',#4739);
#1251=VERTEX_POINT('',#4743);
#1252=VERTEX_POINT('',#4745);
#1253=VERTEX_POINT('',#4749);
#1254=VERTEX_POINT('',#4751);
#1255=VERTEX_POINT('',#4755);
#1256=VERTEX_POINT('',#4757);
#1257=VERTEX_POINT('',#4761);
#1258=VERTEX_POINT('',#4763);
#1259=VERTEX_POINT('',#4767);
#1260=VERTEX_POINT('',#4769);
#1261=VERTEX_POINT('',#4773);
#1262=VERTEX_POINT('',#4775);
#1263=VERTEX_POINT('',#4779);
#1264=VERTEX_POINT('',#4781);
#1265=VERTEX_POINT('',#4785);
#1266=VERTEX_POINT('',#4787);
#1267=VERTEX_POINT('',#4791);
#1268=VERTEX_POINT('',#4793);
#1269=VERTEX_POINT('',#4797);
#1270=VERTEX_POINT('',#4799);
#1271=VERTEX_POINT('',#4803);
#1272=VERTEX_POINT('',#4805);
#1273=VERTEX_POINT('',#4809);
#1274=VERTEX_POINT('',#4811);
#1275=VERTEX_POINT('',#4815);
#1276=VERTEX_POINT('',#4817);
#1277=VERTEX_POINT('',#4821);
#1278=VERTEX_POINT('',#4822);
#1279=VERTEX_POINT('',#4824);
#1280=VERTEX_POINT('',#4829);
#1281=VERTEX_POINT('',#4830);
#1282=VERTEX_POINT('',#4835);
#1283=VERTEX_POINT('',#4836);
#1284=VERTEX_POINT('',#4841);
#1285=VERTEX_POINT('',#4842);
#1286=VERTEX_POINT('',#4847);
#1287=VERTEX_POINT('',#4848);
#1288=VERTEX_POINT('',#4853);
#1289=VERTEX_POINT('',#4854);
#1290=VERTEX_POINT('',#4859);
#1291=VERTEX_POINT('',#4860);
#1292=VERTEX_POINT('',#4865);
#1293=VERTEX_POINT('',#4866);
#1294=VERTEX_POINT('',#4871);
#1295=VERTEX_POINT('',#4872);
#1296=VERTEX_POINT('',#4877);
#1297=VERTEX_POINT('',#4878);
#1298=VERTEX_POINT('',#4883);
#1299=VERTEX_POINT('',#4884);
#1300=VERTEX_POINT('',#4889);
#1301=VERTEX_POINT('',#4890);
#1302=VERTEX_POINT('',#4895);
#1303=VERTEX_POINT('',#4896);
#1304=VERTEX_POINT('',#4901);
#1305=VERTEX_POINT('',#4902);
#1306=VERTEX_POINT('',#4907);
#1307=VERTEX_POINT('',#4908);
#1308=VERTEX_POINT('',#4913);
#1309=VERTEX_POINT('',#4914);
#1310=VERTEX_POINT('',#4919);
#1311=VERTEX_POINT('',#4923);
#1312=VERTEX_POINT('',#4925);
#1313=VERTEX_POINT('',#4927);
#1314=VERTEX_POINT('',#4929);
#1315=VERTEX_POINT('',#4931);
#1316=VERTEX_POINT('',#4933);
#1317=VERTEX_POINT('',#4936);
#1318=VERTEX_POINT('',#4939);
#1319=VERTEX_POINT('',#4943);
#1320=VERTEX_POINT('',#4944);
#1321=VERTEX_POINT('',#4946);
#1322=VERTEX_POINT('',#4948);
#1323=VERTEX_POINT('',#4952);
#1324=VERTEX_POINT('',#4954);
#1325=VERTEX_POINT('',#4958);
#1326=VERTEX_POINT('',#4960);
#1327=VERTEX_POINT('',#4964);
#1328=VERTEX_POINT('',#4966);
#1329=VERTEX_POINT('',#4970);
#1330=VERTEX_POINT('',#4972);
#1331=VERTEX_POINT('',#4976);
#1332=VERTEX_POINT('',#4978);
#1333=VERTEX_POINT('',#4982);
#1334=VERTEX_POINT('',#4984);
#1335=VERTEX_POINT('',#4988);
#1336=VERTEX_POINT('',#4990);
#1337=VERTEX_POINT('',#4994);
#1338=VERTEX_POINT('',#4996);
#1339=VERTEX_POINT('',#5000);
#1340=VERTEX_POINT('',#5002);
#1341=VERTEX_POINT('',#5006);
#1342=VERTEX_POINT('',#5008);
#1343=VERTEX_POINT('',#5012);
#1344=VERTEX_POINT('',#5014);
#1345=VERTEX_POINT('',#5018);
#1346=VERTEX_POINT('',#5020);
#1347=VERTEX_POINT('',#5024);
#1348=VERTEX_POINT('',#5026);
#1349=VERTEX_POINT('',#5030);
#1350=VERTEX_POINT('',#5032);
#1351=VERTEX_POINT('',#5036);
#1352=VERTEX_POINT('',#5038);
#1353=VERTEX_POINT('',#5045);
#1354=VERTEX_POINT('',#5046);
#1355=VERTEX_POINT('',#5051);
#1356=VERTEX_POINT('',#5052);
#1357=VERTEX_POINT('',#5057);
#1358=VERTEX_POINT('',#5058);
#1359=VERTEX_POINT('',#5063);
#1360=VERTEX_POINT('',#5064);
#1361=VERTEX_POINT('',#5069);
#1362=VERTEX_POINT('',#5070);
#1363=VERTEX_POINT('',#5075);
#1364=VERTEX_POINT('',#5076);
#1365=VERTEX_POINT('',#5081);
#1366=VERTEX_POINT('',#5082);
#1367=VERTEX_POINT('',#5087);
#1368=VERTEX_POINT('',#5088);
#1369=VERTEX_POINT('',#5093);
#1370=VERTEX_POINT('',#5094);
#1371=VERTEX_POINT('',#5099);
#1372=VERTEX_POINT('',#5100);
#1373=VERTEX_POINT('',#5105);
#1374=VERTEX_POINT('',#5106);
#1375=VERTEX_POINT('',#5111);
#1376=VERTEX_POINT('',#5112);
#1377=VERTEX_POINT('',#5117);
#1378=VERTEX_POINT('',#5118);
#1379=VERTEX_POINT('',#5123);
#1380=VERTEX_POINT('',#5124);
#1381=VERTEX_POINT('',#5129);
#1382=VERTEX_POINT('',#5130);
#1383=VERTEX_POINT('',#5135);
#1384=VERTEX_POINT('',#5136);
#1385=VERTEX_POINT('',#5141);
#1386=VERTEX_POINT('',#5145);
#1387=VERTEX_POINT('',#5147);
#1388=VERTEX_POINT('',#5150);
#1389=VERTEX_POINT('',#5156);
#1390=VERTEX_POINT('',#5158);
#1391=VERTEX_POINT('',#5163);
#1392=VERTEX_POINT('',#5165);
#1393=VERTEX_POINT('',#5170);
#1394=VERTEX_POINT('',#5172);
#1395=VERTEX_POINT('',#5177);
#1396=VERTEX_POINT('',#5179);
#1397=VERTEX_POINT('',#5184);
#1398=VERTEX_POINT('',#5186);
#1399=VERTEX_POINT('',#5191);
#1400=VERTEX_POINT('',#5193);
#1401=VERTEX_POINT('',#5198);
#1402=VERTEX_POINT('',#5200);
#1403=VERTEX_POINT('',#5205);
#1404=VERTEX_POINT('',#5207);
#1405=VERTEX_POINT('',#5212);
#1406=VERTEX_POINT('',#5214);
#1407=VERTEX_POINT('',#5219);
#1408=VERTEX_POINT('',#5221);
#1409=VERTEX_POINT('',#5226);
#1410=VERTEX_POINT('',#5228);
#1411=VERTEX_POINT('',#5233);
#1412=VERTEX_POINT('',#5235);
#1413=VERTEX_POINT('',#5240);
#1414=VERTEX_POINT('',#5242);
#1415=VERTEX_POINT('',#5247);
#1416=VERTEX_POINT('',#5249);
#1417=VERTEX_POINT('',#5254);
#1418=VERTEX_POINT('',#5256);
#1419=VERTEX_POINT('',#5261);
#1420=VERTEX_POINT('',#5263);
#1421=VERTEX_POINT('',#5268);
#1422=VERTEX_POINT('',#5270);
#1423=VERTEX_POINT('',#5275);
#1424=VERTEX_POINT('',#5277);
#1425=VERTEX_POINT('',#5282);
#1426=VERTEX_POINT('',#5284);
#1427=VERTEX_POINT('',#5289);
#1428=VERTEX_POINT('',#5291);
#1429=VERTEX_POINT('',#5296);
#1430=VERTEX_POINT('',#5298);
#1431=VERTEX_POINT('',#5303);
#1432=VERTEX_POINT('',#5305);
#1433=VERTEX_POINT('',#5310);
#1434=VERTEX_POINT('',#5312);
#1435=VERTEX_POINT('',#5317);
#1436=VERTEX_POINT('',#5319);
#1437=VERTEX_POINT('',#5324);
#1438=VERTEX_POINT('',#5326);
#1439=VERTEX_POINT('',#5331);
#1440=VERTEX_POINT('',#5333);
#1441=VERTEX_POINT('',#5338);
#1442=VERTEX_POINT('',#5340);
#1443=VERTEX_POINT('',#5345);
#1444=VERTEX_POINT('',#5347);
#1445=VERTEX_POINT('',#5352);
#1446=VERTEX_POINT('',#5354);
#1447=VERTEX_POINT('',#5359);
#1448=VERTEX_POINT('',#5361);
#1449=VERTEX_POINT('',#5366);
#1450=VERTEX_POINT('',#5368);
#1451=VERTEX_POINT('',#5373);
#1452=VERTEX_POINT('',#5375);
#1453=VERTEX_POINT('',#5380);
#1454=VERTEX_POINT('',#5382);
#1455=VERTEX_POINT('',#5387);
#1456=VERTEX_POINT('',#5389);
#1457=VERTEX_POINT('',#5394);
#1458=VERTEX_POINT('',#5396);
#1459=VERTEX_POINT('',#5401);
#1460=VERTEX_POINT('',#5403);
#1461=VERTEX_POINT('',#5408);
#1462=VERTEX_POINT('',#5410);
#1463=VERTEX_POINT('',#5415);
#1464=VERTEX_POINT('',#5417);
#1465=VERTEX_POINT('',#5422);
#1466=VERTEX_POINT('',#5424);
#1467=VERTEX_POINT('',#5429);
#1468=VERTEX_POINT('',#5431);
#1469=VERTEX_POINT('',#5436);
#1470=VERTEX_POINT('',#5438);
#1471=VERTEX_POINT('',#5443);
#1472=VERTEX_POINT('',#5445);
#1473=VERTEX_POINT('',#5450);
#1474=VERTEX_POINT('',#5452);
#1475=VERTEX_POINT('',#5457);
#1476=VERTEX_POINT('',#5459);
#1477=VERTEX_POINT('',#5464);
#1478=VERTEX_POINT('',#5466);
#1479=VERTEX_POINT('',#5471);
#1480=VERTEX_POINT('',#5473);
#1481=VERTEX_POINT('',#5478);
#1482=VERTEX_POINT('',#5480);
#1483=VERTEX_POINT('',#5485);
#1484=VERTEX_POINT('',#5487);
#1485=VERTEX_POINT('',#5492);
#1486=VERTEX_POINT('',#5494);
#1487=VERTEX_POINT('',#5499);
#1488=VERTEX_POINT('',#5501);
#1489=VERTEX_POINT('',#5506);
#1490=VERTEX_POINT('',#5508);
#1491=VERTEX_POINT('',#5513);
#1492=VERTEX_POINT('',#5515);
#1493=VERTEX_POINT('',#5520);
#1494=VERTEX_POINT('',#5522);
#1495=VERTEX_POINT('',#5527);
#1496=VERTEX_POINT('',#5529);
#1497=VERTEX_POINT('',#5534);
#1498=VERTEX_POINT('',#5536);
#1499=VERTEX_POINT('',#5541);
#1500=VERTEX_POINT('',#5543);
#1501=VERTEX_POINT('',#5548);
#1502=VERTEX_POINT('',#5550);
#1503=VERTEX_POINT('',#5555);
#1504=VERTEX_POINT('',#5557);
#1505=VERTEX_POINT('',#5562);
#1506=VERTEX_POINT('',#5564);
#1507=VERTEX_POINT('',#5569);
#1508=VERTEX_POINT('',#5571);
#1509=VERTEX_POINT('',#5576);
#1510=VERTEX_POINT('',#5578);
#1511=VERTEX_POINT('',#5583);
#1512=VERTEX_POINT('',#5585);
#1513=VERTEX_POINT('',#5590);
#1514=VERTEX_POINT('',#5592);
#1515=VERTEX_POINT('',#5597);
#1516=VERTEX_POINT('',#5598);
#1517=VERTEX_POINT('',#5600);
#1518=VERTEX_POINT('',#5602);
#1519=VERTEX_POINT('',#5606);
#1520=VERTEX_POINT('',#5608);
#1521=VERTEX_POINT('',#5612);
#1522=VERTEX_POINT('',#5614);
#1523=EDGE_CURVE('',#1241,#1242,#951,.T.);
#1524=EDGE_CURVE('',#1243,#1241,#673,.T.);
#1525=EDGE_CURVE('',#1244,#1243,#952,.T.);
#1526=EDGE_CURVE('',#1244,#1242,#674,.T.);
#1527=EDGE_CURVE('',#1245,#1241,#675,.T.);
#1528=EDGE_CURVE('',#1246,#1245,#676,.T.);
#1529=EDGE_CURVE('',#1243,#1246,#677,.T.);
#1530=EDGE_CURVE('',#1247,#1245,#953,.T.);
#1531=EDGE_CURVE('',#1248,#1247,#678,.T.);
#1532=EDGE_CURVE('',#1246,#1248,#954,.T.);
#1533=EDGE_CURVE('',#1249,#1247,#679,.T.);
#1534=EDGE_CURVE('',#1250,#1249,#680,.T.);
#1535=EDGE_CURVE('',#1248,#1250,#681,.T.);
#1536=EDGE_CURVE('',#1251,#1249,#955,.T.);
#1537=EDGE_CURVE('',#1252,#1251,#682,.T.);
#1538=EDGE_CURVE('',#1250,#1252,#956,.T.);
#1539=EDGE_CURVE('',#1253,#1251,#683,.T.);
#1540=EDGE_CURVE('',#1254,#1253,#684,.T.);
#1541=EDGE_CURVE('',#1252,#1254,#685,.T.);
#1542=EDGE_CURVE('',#1255,#1253,#957,.T.);
#1543=EDGE_CURVE('',#1256,#1255,#686,.T.);
#1544=EDGE_CURVE('',#1254,#1256,#958,.T.);
#1545=EDGE_CURVE('',#1257,#1255,#687,.T.);
#1546=EDGE_CURVE('',#1258,#1257,#688,.T.);
#1547=EDGE_CURVE('',#1256,#1258,#689,.T.);
#1548=EDGE_CURVE('',#1259,#1257,#959,.T.);
#1549=EDGE_CURVE('',#1260,#1259,#690,.T.);
#1550=EDGE_CURVE('',#1258,#1260,#960,.T.);
#1551=EDGE_CURVE('',#1261,#1259,#691,.T.);
#1552=EDGE_CURVE('',#1262,#1261,#692,.T.);
#1553=EDGE_CURVE('',#1260,#1262,#693,.T.);
#1554=EDGE_CURVE('',#1263,#1261,#961,.T.);
#1555=EDGE_CURVE('',#1264,#1263,#694,.T.);
#1556=EDGE_CURVE('',#1262,#1264,#962,.T.);
#1557=EDGE_CURVE('',#1265,#1263,#695,.T.);
#1558=EDGE_CURVE('',#1266,#1265,#696,.T.);
#1559=EDGE_CURVE('',#1264,#1266,#697,.T.);
#1560=EDGE_CURVE('',#1267,#1265,#963,.T.);
#1561=EDGE_CURVE('',#1268,#1267,#698,.T.);
#1562=EDGE_CURVE('',#1266,#1268,#964,.T.);
#1563=EDGE_CURVE('',#1269,#1267,#699,.T.);
#1564=EDGE_CURVE('',#1270,#1269,#700,.T.);
#1565=EDGE_CURVE('',#1268,#1270,#701,.T.);
#1566=EDGE_CURVE('',#1271,#1269,#965,.T.);
#1567=EDGE_CURVE('',#1272,#1271,#702,.T.);
#1568=EDGE_CURVE('',#1270,#1272,#966,.T.);
#1569=EDGE_CURVE('',#1273,#1271,#703,.T.);
#1570=EDGE_CURVE('',#1274,#1273,#704,.T.);
#1571=EDGE_CURVE('',#1272,#1274,#705,.T.);
#1572=EDGE_CURVE('',#1275,#1273,#967,.T.);
#1573=EDGE_CURVE('',#1276,#1275,#706,.T.);
#1574=EDGE_CURVE('',#1274,#1276,#968,.T.);
#1575=EDGE_CURVE('',#1277,#1278,#707,.T.);
#1576=EDGE_CURVE('',#1277,#1279,#969,.T.);
#1577=EDGE_CURVE('',#1279,#1279,#708,.T.);
#1578=EDGE_CURVE('',#1278,#1277,#709,.T.);
#1579=EDGE_CURVE('',#1280,#1281,#710,.T.);
#1580=EDGE_CURVE('',#1281,#1280,#711,.T.);
#1581=EDGE_CURVE('',#1281,#1278,#712,.T.);
#1582=EDGE_CURVE('',#1282,#1283,#713,.T.);
#1583=EDGE_CURVE('',#1282,#1280,#970,.T.);
#1584=EDGE_CURVE('',#1283,#1282,#714,.T.);
#1585=EDGE_CURVE('',#1284,#1285,#715,.T.);
#1586=EDGE_CURVE('',#1285,#1284,#716,.T.);
#1587=EDGE_CURVE('',#1285,#1283,#717,.T.);
#1588=EDGE_CURVE('',#1286,#1287,#718,.T.);
#1589=EDGE_CURVE('',#1286,#1284,#971,.T.);
#1590=EDGE_CURVE('',#1287,#1286,#719,.T.);
#1591=EDGE_CURVE('',#1288,#1289,#720,.T.);
#1592=EDGE_CURVE('',#1289,#1288,#721,.T.);
#1593=EDGE_CURVE('',#1289,#1287,#722,.T.);
#1594=EDGE_CURVE('',#1290,#1291,#723,.T.);
#1595=EDGE_CURVE('',#1290,#1288,#972,.T.);
#1596=EDGE_CURVE('',#1291,#1290,#724,.T.);
#1597=EDGE_CURVE('',#1292,#1293,#725,.T.);
#1598=EDGE_CURVE('',#1293,#1292,#726,.T.);
#1599=EDGE_CURVE('',#1293,#1291,#727,.T.);
#1600=EDGE_CURVE('',#1294,#1295,#728,.T.);
#1601=EDGE_CURVE('',#1294,#1292,#973,.T.);
#1602=EDGE_CURVE('',#1295,#1294,#729,.T.);
#1603=EDGE_CURVE('',#1296,#1297,#730,.T.);
#1604=EDGE_CURVE('',#1297,#1296,#731,.T.);
#1605=EDGE_CURVE('',#1297,#1295,#732,.T.);
#1606=EDGE_CURVE('',#1298,#1299,#733,.T.);
#1607=EDGE_CURVE('',#1298,#1296,#974,.T.);
#1608=EDGE_CURVE('',#1299,#1298,#734,.T.);
#1609=EDGE_CURVE('',#1300,#1301,#735,.T.);
#1610=EDGE_CURVE('',#1301,#1300,#736,.T.);
#1611=EDGE_CURVE('',#1301,#1299,#737,.T.);
#1612=EDGE_CURVE('',#1302,#1303,#738,.T.);
#1613=EDGE_CURVE('',#1302,#1300,#975,.T.);
#1614=EDGE_CURVE('',#1303,#1302,#739,.T.);
#1615=EDGE_CURVE('',#1304,#1305,#740,.T.);
#1616=EDGE_CURVE('',#1305,#1304,#741,.T.);
#1617=EDGE_CURVE('',#1305,#1303,#742,.T.);
#1618=EDGE_CURVE('',#1306,#1307,#743,.T.);
#1619=EDGE_CURVE('',#1306,#1304,#976,.T.);
#1620=EDGE_CURVE('',#1307,#1306,#744,.T.);
#1621=EDGE_CURVE('',#1308,#1309,#745,.T.);
#1622=EDGE_CURVE('',#1309,#1308,#746,.T.);
#1623=EDGE_CURVE('',#1309,#1307,#747,.T.);
#1624=EDGE_CURVE('',#1310,#1310,#748,.T.);
#1625=EDGE_CURVE('',#1310,#1308,#977,.T.);
#1626=EDGE_CURVE('',#1244,#1311,#978,.T.);
#1627=EDGE_CURVE('',#1312,#1311,#979,.T.);
#1628=EDGE_CURVE('',#1313,#1312,#980,.T.);
#1629=EDGE_CURVE('',#1313,#1314,#749,.T.);
#1630=EDGE_CURVE('',#1315,#1314,#981,.T.);
#1631=EDGE_CURVE('',#1315,#1316,#982,.T.);
#1632=EDGE_CURVE('',#1316,#1242,#983,.T.);
#1633=EDGE_CURVE('',#1317,#1317,#750,.T.);
#1634=EDGE_CURVE('',#1276,#1318,#984,.T.);
#1635=EDGE_CURVE('',#1311,#1318,#985,.T.);
#1636=EDGE_CURVE('',#1319,#1320,#986,.T.);
#1637=EDGE_CURVE('',#1321,#1319,#751,.T.);
#1638=EDGE_CURVE('',#1322,#1321,#987,.T.);
#1639=EDGE_CURVE('',#1322,#1320,#752,.T.);
#1640=EDGE_CURVE('',#1323,#1319,#753,.T.);
#1641=EDGE_CURVE('',#1324,#1323,#754,.T.);
#1642=EDGE_CURVE('',#1321,#1324,#755,.T.);
#1643=EDGE_CURVE('',#1325,#1323,#988,.T.);
#1644=EDGE_CURVE('',#1326,#1325,#756,.T.);
#1645=EDGE_CURVE('',#1324,#1326,#989,.T.);
#1646=EDGE_CURVE('',#1327,#1325,#757,.T.);
#1647=EDGE_CURVE('',#1328,#1327,#758,.T.);
#1648=EDGE_CURVE('',#1326,#1328,#759,.T.);
#1649=EDGE_CURVE('',#1329,#1327,#990,.T.);
#1650=EDGE_CURVE('',#1330,#1329,#760,.T.);
#1651=EDGE_CURVE('',#1328,#1330,#991,.T.);
#1652=EDGE_CURVE('',#1331,#1329,#761,.T.);
#1653=EDGE_CURVE('',#1332,#1331,#762,.T.);
#1654=EDGE_CURVE('',#1330,#1332,#763,.T.);
#1655=EDGE_CURVE('',#1333,#1331,#992,.T.);
#1656=EDGE_CURVE('',#1334,#1333,#764,.T.);
#1657=EDGE_CURVE('',#1332,#1334,#993,.T.);
#1658=EDGE_CURVE('',#1335,#1333,#765,.T.);
#1659=EDGE_CURVE('',#1336,#1335,#766,.T.);
#1660=EDGE_CURVE('',#1334,#1336,#767,.T.);
#1661=EDGE_CURVE('',#1337,#1335,#994,.T.);
#1662=EDGE_CURVE('',#1338,#1337,#768,.T.);
#1663=EDGE_CURVE('',#1336,#1338,#995,.T.);
#1664=EDGE_CURVE('',#1339,#1337,#769,.T.);
#1665=EDGE_CURVE('',#1340,#1339,#770,.T.);
#1666=EDGE_CURVE('',#1338,#1340,#771,.T.);
#1667=EDGE_CURVE('',#1341,#1339,#996,.T.);
#1668=EDGE_CURVE('',#1342,#1341,#772,.T.);
#1669=EDGE_CURVE('',#1340,#1342,#997,.T.);
#1670=EDGE_CURVE('',#1343,#1341,#773,.T.);
#1671=EDGE_CURVE('',#1344,#1343,#774,.T.);
#1672=EDGE_CURVE('',#1342,#1344,#775,.T.);
#1673=EDGE_CURVE('',#1345,#1343,#998,.T.);
#1674=EDGE_CURVE('',#1346,#1345,#776,.T.);
#1675=EDGE_CURVE('',#1344,#1346,#999,.T.);
#1676=EDGE_CURVE('',#1347,#1345,#777,.T.);
#1677=EDGE_CURVE('',#1348,#1347,#778,.T.);
#1678=EDGE_CURVE('',#1346,#1348,#779,.T.);
#1679=EDGE_CURVE('',#1349,#1347,#1000,.T.);
#1680=EDGE_CURVE('',#1350,#1349,#780,.T.);
#1681=EDGE_CURVE('',#1348,#1350,#1001,.T.);
#1682=EDGE_CURVE('',#1351,#1349,#781,.T.);
#1683=EDGE_CURVE('',#1352,#1351,#782,.T.);
#1684=EDGE_CURVE('',#1350,#1352,#783,.T.);
#1685=EDGE_CURVE('',#1314,#1351,#1002,.T.);
#1686=EDGE_CURVE('',#1352,#1313,#1003,.T.);
#1687=EDGE_CURVE('',#1353,#1354,#784,.T.);
#1688=EDGE_CURVE('',#1353,#1317,#1004,.T.);
#1689=EDGE_CURVE('',#1354,#1353,#785,.T.);
#1690=EDGE_CURVE('',#1355,#1356,#786,.T.);
#1691=EDGE_CURVE('',#1356,#1355,#787,.T.);
#1692=EDGE_CURVE('',#1356,#1354,#788,.T.);
#1693=EDGE_CURVE('',#1357,#1358,#789,.T.);
#1694=EDGE_CURVE('',#1357,#1355,#1005,.T.);
#1695=EDGE_CURVE('',#1358,#1357,#790,.T.);
#1696=EDGE_CURVE('',#1359,#1360,#791,.T.);
#1697=EDGE_CURVE('',#1360,#1359,#792,.T.);
#1698=EDGE_CURVE('',#1360,#1358,#793,.T.);
#1699=EDGE_CURVE('',#1361,#1362,#794,.T.);
#1700=EDGE_CURVE('',#1361,#1359,#1006,.T.);
#1701=EDGE_CURVE('',#1362,#1361,#795,.T.);
#1702=EDGE_CURVE('',#1363,#1364,#796,.T.);
#1703=EDGE_CURVE('',#1364,#1363,#797,.T.);
#1704=EDGE_CURVE('',#1364,#1362,#798,.T.);
#1705=EDGE_CURVE('',#1365,#1366,#799,.T.);
#1706=EDGE_CURVE('',#1365,#1363,#1007,.T.);
#1707=EDGE_CURVE('',#1366,#1365,#800,.T.);
#1708=EDGE_CURVE('',#1367,#1368,#801,.T.);
#1709=EDGE_CURVE('',#1368,#1367,#802,.T.);
#1710=EDGE_CURVE('',#1368,#1366,#803,.T.);
#1711=EDGE_CURVE('',#1369,#1370,#804,.T.);
#1712=EDGE_CURVE('',#1369,#1367,#1008,.T.);
#1713=EDGE_CURVE('',#1370,#1369,#805,.T.);
#1714=EDGE_CURVE('',#1371,#1372,#806,.T.);
#1715=EDGE_CURVE('',#1372,#1371,#807,.T.);
#1716=EDGE_CURVE('',#1372,#1370,#808,.T.);
#1717=EDGE_CURVE('',#1373,#1374,#809,.T.);
#1718=EDGE_CURVE('',#1373,#1371,#1009,.T.);
#1719=EDGE_CURVE('',#1374,#1373,#810,.T.);
#1720=EDGE_CURVE('',#1375,#1376,#811,.T.);
#1721=EDGE_CURVE('',#1376,#1375,#812,.T.);
#1722=EDGE_CURVE('',#1376,#1374,#813,.T.);
#1723=EDGE_CURVE('',#1377,#1378,#814,.T.);
#1724=EDGE_CURVE('',#1377,#1375,#1010,.T.);
#1725=EDGE_CURVE('',#1378,#1377,#815,.T.);
#1726=EDGE_CURVE('',#1379,#1380,#816,.T.);
#1727=EDGE_CURVE('',#1380,#1379,#817,.T.);
#1728=EDGE_CURVE('',#1380,#1378,#818,.T.);
#1729=EDGE_CURVE('',#1381,#1382,#819,.T.);
#1730=EDGE_CURVE('',#1381,#1379,#1011,.T.);
#1731=EDGE_CURVE('',#1382,#1381,#820,.T.);
#1732=EDGE_CURVE('',#1383,#1384,#821,.T.);
#1733=EDGE_CURVE('',#1384,#1383,#822,.T.);
#1734=EDGE_CURVE('',#1384,#1382,#823,.T.);
#1735=EDGE_CURVE('',#1385,#1385,#824,.T.);
#1736=EDGE_CURVE('',#1385,#1383,#1012,.T.);
#1737=EDGE_CURVE('',#1386,#1275,#1013,.T.);
#1738=EDGE_CURVE('',#1386,#1387,#1014,.T.);
#1739=EDGE_CURVE('',#1387,#1320,#1015,.T.);
#1740=EDGE_CURVE('',#1322,#1388,#1016,.T.);
#1741=EDGE_CURVE('',#1318,#1388,#1017,.T.);
#1742=EDGE_CURVE('',#1388,#1312,#1018,.T.);
#1743=EDGE_CURVE('',#1389,#1389,#825,.T.);
#1744=EDGE_CURVE('',#1389,#1390,#1019,.T.);
#1745=EDGE_CURVE('',#1390,#1390,#826,.T.);
#1746=EDGE_CURVE('',#1391,#1391,#827,.T.);
#1747=EDGE_CURVE('',#1391,#1392,#1020,.T.);
#1748=EDGE_CURVE('',#1392,#1392,#828,.T.);
#1749=EDGE_CURVE('',#1393,#1393,#829,.T.);
#1750=EDGE_CURVE('',#1393,#1394,#1021,.T.);
#1751=EDGE_CURVE('',#1394,#1394,#830,.T.);
#1752=EDGE_CURVE('',#1395,#1395,#831,.T.);
#1753=EDGE_CURVE('',#1395,#1396,#1022,.T.);
#1754=EDGE_CURVE('',#1396,#1396,#832,.T.);
#1755=EDGE_CURVE('',#1397,#1397,#833,.T.);
#1756=EDGE_CURVE('',#1397,#1398,#1023,.T.);
#1757=EDGE_CURVE('',#1398,#1398,#834,.T.);
#1758=EDGE_CURVE('',#1399,#1399,#835,.T.);
#1759=EDGE_CURVE('',#1399,#1400,#1024,.T.);
#1760=EDGE_CURVE('',#1400,#1400,#836,.T.);
#1761=EDGE_CURVE('',#1401,#1401,#837,.T.);
#1762=EDGE_CURVE('',#1401,#1402,#1025,.T.);
#1763=EDGE_CURVE('',#1402,#1402,#838,.T.);
#1764=EDGE_CURVE('',#1403,#1403,#839,.T.);
#1765=EDGE_CURVE('',#1403,#1404,#1026,.T.);
#1766=EDGE_CURVE('',#1404,#1404,#840,.T.);
#1767=EDGE_CURVE('',#1405,#1405,#841,.T.);
#1768=EDGE_CURVE('',#1405,#1406,#1027,.T.);
#1769=EDGE_CURVE('',#1406,#1406,#842,.T.);
#1770=EDGE_CURVE('',#1407,#1407,#843,.T.);
#1771=EDGE_CURVE('',#1407,#1408,#1028,.T.);
#1772=EDGE_CURVE('',#1408,#1408,#844,.T.);
#1773=EDGE_CURVE('',#1409,#1409,#845,.T.);
#1774=EDGE_CURVE('',#1409,#1410,#1029,.T.);
#1775=EDGE_CURVE('',#1410,#1410,#846,.T.);
#1776=EDGE_CURVE('',#1411,#1411,#847,.T.);
#1777=EDGE_CURVE('',#1411,#1412,#1030,.T.);
#1778=EDGE_CURVE('',#1412,#1412,#848,.T.);
#1779=EDGE_CURVE('',#1413,#1413,#849,.T.);
#1780=EDGE_CURVE('',#1413,#1414,#1031,.T.);
#1781=EDGE_CURVE('',#1414,#1414,#850,.T.);
#1782=EDGE_CURVE('',#1415,#1415,#851,.T.);
#1783=EDGE_CURVE('',#1415,#1416,#1032,.T.);
#1784=EDGE_CURVE('',#1416,#1416,#852,.T.);
#1785=EDGE_CURVE('',#1417,#1417,#853,.T.);
#1786=EDGE_CURVE('',#1417,#1418,#1033,.T.);
#1787=EDGE_CURVE('',#1418,#1418,#854,.T.);
#1788=EDGE_CURVE('',#1419,#1419,#855,.T.);
#1789=EDGE_CURVE('',#1419,#1420,#1034,.T.);
#1790=EDGE_CURVE('',#1420,#1420,#856,.T.);
#1791=EDGE_CURVE('',#1421,#1421,#857,.T.);
#1792=EDGE_CURVE('',#1421,#1422,#1035,.T.);
#1793=EDGE_CURVE('',#1422,#1422,#858,.T.);
#1794=EDGE_CURVE('',#1423,#1423,#859,.T.);
#1795=EDGE_CURVE('',#1423,#1424,#1036,.T.);
#1796=EDGE_CURVE('',#1424,#1424,#860,.T.);
#1797=EDGE_CURVE('',#1425,#1425,#861,.T.);
#1798=EDGE_CURVE('',#1425,#1426,#1037,.T.);
#1799=EDGE_CURVE('',#1426,#1426,#862,.T.);
#1800=EDGE_CURVE('',#1427,#1427,#863,.T.);
#1801=EDGE_CURVE('',#1427,#1428,#1038,.T.);
#1802=EDGE_CURVE('',#1428,#1428,#864,.T.);
#1803=EDGE_CURVE('',#1429,#1429,#865,.T.);
#1804=EDGE_CURVE('',#1429,#1430,#1039,.T.);
#1805=EDGE_CURVE('',#1430,#1430,#866,.T.);
#1806=EDGE_CURVE('',#1431,#1431,#867,.T.);
#1807=EDGE_CURVE('',#1431,#1432,#1040,.T.);
#1808=EDGE_CURVE('',#1432,#1432,#868,.T.);
#1809=EDGE_CURVE('',#1433,#1433,#869,.T.);
#1810=EDGE_CURVE('',#1433,#1434,#1041,.T.);
#1811=EDGE_CURVE('',#1434,#1434,#870,.T.);
#1812=EDGE_CURVE('',#1435,#1435,#871,.T.);
#1813=EDGE_CURVE('',#1435,#1436,#1042,.T.);
#1814=EDGE_CURVE('',#1436,#1436,#872,.T.);
#1815=EDGE_CURVE('',#1437,#1437,#873,.T.);
#1816=EDGE_CURVE('',#1437,#1438,#1043,.T.);
#1817=EDGE_CURVE('',#1438,#1438,#874,.T.);
#1818=EDGE_CURVE('',#1439,#1439,#875,.T.);
#1819=EDGE_CURVE('',#1439,#1440,#1044,.T.);
#1820=EDGE_CURVE('',#1440,#1440,#876,.T.);
#1821=EDGE_CURVE('',#1441,#1441,#877,.T.);
#1822=EDGE_CURVE('',#1441,#1442,#1045,.T.);
#1823=EDGE_CURVE('',#1442,#1442,#878,.T.);
#1824=EDGE_CURVE('',#1443,#1443,#879,.T.);
#1825=EDGE_CURVE('',#1443,#1444,#1046,.T.);
#1826=EDGE_CURVE('',#1444,#1444,#880,.T.);
#1827=EDGE_CURVE('',#1445,#1445,#881,.T.);
#1828=EDGE_CURVE('',#1445,#1446,#1047,.T.);
#1829=EDGE_CURVE('',#1446,#1446,#882,.T.);
#1830=EDGE_CURVE('',#1447,#1447,#883,.T.);
#1831=EDGE_CURVE('',#1447,#1448,#1048,.T.);
#1832=EDGE_CURVE('',#1448,#1448,#884,.T.);
#1833=EDGE_CURVE('',#1449,#1449,#885,.T.);
#1834=EDGE_CURVE('',#1449,#1450,#1049,.T.);
#1835=EDGE_CURVE('',#1450,#1450,#886,.T.);
#1836=EDGE_CURVE('',#1451,#1451,#887,.T.);
#1837=EDGE_CURVE('',#1451,#1452,#1050,.T.);
#1838=EDGE_CURVE('',#1452,#1452,#888,.T.);
#1839=EDGE_CURVE('',#1453,#1453,#889,.T.);
#1840=EDGE_CURVE('',#1453,#1454,#1051,.T.);
#1841=EDGE_CURVE('',#1454,#1454,#890,.T.);
#1842=EDGE_CURVE('',#1455,#1455,#891,.T.);
#1843=EDGE_CURVE('',#1455,#1456,#1052,.T.);
#1844=EDGE_CURVE('',#1456,#1456,#892,.T.);
#1845=EDGE_CURVE('',#1457,#1457,#893,.T.);
#1846=EDGE_CURVE('',#1457,#1458,#1053,.T.);
#1847=EDGE_CURVE('',#1458,#1458,#894,.T.);
#1848=EDGE_CURVE('',#1459,#1459,#895,.T.);
#1849=EDGE_CURVE('',#1459,#1460,#1054,.T.);
#1850=EDGE_CURVE('',#1460,#1460,#896,.T.);
#1851=EDGE_CURVE('',#1461,#1461,#897,.T.);
#1852=EDGE_CURVE('',#1461,#1462,#1055,.T.);
#1853=EDGE_CURVE('',#1462,#1462,#898,.T.);
#1854=EDGE_CURVE('',#1463,#1463,#899,.T.);
#1855=EDGE_CURVE('',#1463,#1464,#1056,.T.);
#1856=EDGE_CURVE('',#1464,#1464,#900,.T.);
#1857=EDGE_CURVE('',#1465,#1465,#901,.T.);
#1858=EDGE_CURVE('',#1465,#1466,#1057,.T.);
#1859=EDGE_CURVE('',#1466,#1466,#902,.T.);
#1860=EDGE_CURVE('',#1467,#1467,#903,.T.);
#1861=EDGE_CURVE('',#1467,#1468,#1058,.T.);
#1862=EDGE_CURVE('',#1468,#1468,#904,.T.);
#1863=EDGE_CURVE('',#1469,#1469,#905,.T.);
#1864=EDGE_CURVE('',#1469,#1470,#1059,.T.);
#1865=EDGE_CURVE('',#1470,#1470,#906,.T.);
#1866=EDGE_CURVE('',#1471,#1471,#907,.T.);
#1867=EDGE_CURVE('',#1471,#1472,#1060,.T.);
#1868=EDGE_CURVE('',#1472,#1472,#908,.T.);
#1869=EDGE_CURVE('',#1473,#1473,#909,.T.);
#1870=EDGE_CURVE('',#1473,#1474,#1061,.T.);
#1871=EDGE_CURVE('',#1474,#1474,#910,.T.);
#1872=EDGE_CURVE('',#1475,#1475,#911,.T.);
#1873=EDGE_CURVE('',#1475,#1476,#1062,.T.);
#1874=EDGE_CURVE('',#1476,#1476,#912,.T.);
#1875=EDGE_CURVE('',#1477,#1477,#913,.T.);
#1876=EDGE_CURVE('',#1477,#1478,#1063,.T.);
#1877=EDGE_CURVE('',#1478,#1478,#914,.T.);
#1878=EDGE_CURVE('',#1479,#1479,#915,.T.);
#1879=EDGE_CURVE('',#1479,#1480,#1064,.T.);
#1880=EDGE_CURVE('',#1480,#1480,#916,.T.);
#1881=EDGE_CURVE('',#1481,#1481,#917,.T.);
#1882=EDGE_CURVE('',#1481,#1482,#1065,.T.);
#1883=EDGE_CURVE('',#1482,#1482,#918,.T.);
#1884=EDGE_CURVE('',#1483,#1483,#919,.T.);
#1885=EDGE_CURVE('',#1483,#1484,#1066,.T.);
#1886=EDGE_CURVE('',#1484,#1484,#920,.T.);
#1887=EDGE_CURVE('',#1485,#1485,#921,.T.);
#1888=EDGE_CURVE('',#1485,#1486,#1067,.T.);
#1889=EDGE_CURVE('',#1486,#1486,#922,.T.);
#1890=EDGE_CURVE('',#1487,#1487,#923,.T.);
#1891=EDGE_CURVE('',#1487,#1488,#1068,.T.);
#1892=EDGE_CURVE('',#1488,#1488,#924,.T.);
#1893=EDGE_CURVE('',#1489,#1489,#925,.T.);
#1894=EDGE_CURVE('',#1489,#1490,#1069,.T.);
#1895=EDGE_CURVE('',#1490,#1490,#926,.T.);
#1896=EDGE_CURVE('',#1491,#1491,#927,.T.);
#1897=EDGE_CURVE('',#1491,#1492,#1070,.T.);
#1898=EDGE_CURVE('',#1492,#1492,#928,.T.);
#1899=EDGE_CURVE('',#1493,#1493,#929,.T.);
#1900=EDGE_CURVE('',#1493,#1494,#1071,.T.);
#1901=EDGE_CURVE('',#1494,#1494,#930,.T.);
#1902=EDGE_CURVE('',#1495,#1495,#931,.T.);
#1903=EDGE_CURVE('',#1495,#1496,#1072,.T.);
#1904=EDGE_CURVE('',#1496,#1496,#932,.T.);
#1905=EDGE_CURVE('',#1497,#1497,#933,.T.);
#1906=EDGE_CURVE('',#1497,#1498,#1073,.T.);
#1907=EDGE_CURVE('',#1498,#1498,#934,.T.);
#1908=EDGE_CURVE('',#1499,#1499,#935,.T.);
#1909=EDGE_CURVE('',#1499,#1500,#1074,.T.);
#1910=EDGE_CURVE('',#1500,#1500,#936,.T.);
#1911=EDGE_CURVE('',#1501,#1501,#937,.T.);
#1912=EDGE_CURVE('',#1501,#1502,#1075,.T.);
#1913=EDGE_CURVE('',#1502,#1502,#938,.T.);
#1914=EDGE_CURVE('',#1503,#1503,#939,.T.);
#1915=EDGE_CURVE('',#1503,#1504,#1076,.T.);
#1916=EDGE_CURVE('',#1504,#1504,#940,.T.);
#1917=EDGE_CURVE('',#1505,#1505,#941,.T.);
#1918=EDGE_CURVE('',#1505,#1506,#1077,.T.);
#1919=EDGE_CURVE('',#1506,#1506,#942,.T.);
#1920=EDGE_CURVE('',#1507,#1507,#943,.T.);
#1921=EDGE_CURVE('',#1507,#1508,#1078,.T.);
#1922=EDGE_CURVE('',#1508,#1508,#944,.T.);
#1923=EDGE_CURVE('',#1509,#1509,#945,.T.);
#1924=EDGE_CURVE('',#1509,#1510,#1079,.T.);
#1925=EDGE_CURVE('',#1510,#1510,#946,.T.);
#1926=EDGE_CURVE('',#1511,#1511,#947,.T.);
#1927=EDGE_CURVE('',#1511,#1512,#1080,.T.);
#1928=EDGE_CURVE('',#1512,#1512,#948,.T.);
#1929=EDGE_CURVE('',#1513,#1513,#949,.T.);
#1930=EDGE_CURVE('',#1513,#1514,#1081,.T.);
#1931=EDGE_CURVE('',#1514,#1514,#950,.T.);
#1932=EDGE_CURVE('',#1515,#1516,#1082,.T.);
#1933=EDGE_CURVE('',#1515,#1517,#1083,.T.);
#1934=EDGE_CURVE('',#1518,#1517,#1084,.T.);
#1935=EDGE_CURVE('',#1516,#1518,#1085,.T.);
#1936=EDGE_CURVE('',#1519,#1515,#1086,.T.);
#1937=EDGE_CURVE('',#1519,#1520,#1087,.T.);
#1938=EDGE_CURVE('',#1517,#1520,#1088,.T.);
#1939=EDGE_CURVE('',#1516,#1521,#1089,.T.);
#1940=EDGE_CURVE('',#1522,#1518,#1090,.T.);
#1941=EDGE_CURVE('',#1521,#1522,#1091,.T.);
#1942=EDGE_CURVE('',#1521,#1519,#1092,.T.);
#1943=EDGE_CURVE('',#1520,#1522,#1093,.T.);
#1944=EDGE_CURVE('',#1316,#1386,#1094,.T.);
#1945=EDGE_CURVE('',#1387,#1315,#1095,.T.);
#1946=ORIENTED_EDGE('',*,*,#1523,.F.);
#1947=ORIENTED_EDGE('',*,*,#1524,.F.);
#1948=ORIENTED_EDGE('',*,*,#1525,.F.);
#1949=ORIENTED_EDGE('',*,*,#1526,.T.);
#1950=ORIENTED_EDGE('',*,*,#1527,.F.);
#1951=ORIENTED_EDGE('',*,*,#1528,.F.);
#1952=ORIENTED_EDGE('',*,*,#1529,.F.);
#1953=ORIENTED_EDGE('',*,*,#1524,.T.);
#1954=ORIENTED_EDGE('',*,*,#1530,.F.);
#1955=ORIENTED_EDGE('',*,*,#1531,.F.);
#1956=ORIENTED_EDGE('',*,*,#1532,.F.);
#1957=ORIENTED_EDGE('',*,*,#1528,.T.);
#1958=ORIENTED_EDGE('',*,*,#1533,.F.);
#1959=ORIENTED_EDGE('',*,*,#1534,.F.);
#1960=ORIENTED_EDGE('',*,*,#1535,.F.);
#1961=ORIENTED_EDGE('',*,*,#1531,.T.);
#1962=ORIENTED_EDGE('',*,*,#1536,.F.);
#1963=ORIENTED_EDGE('',*,*,#1537,.F.);
#1964=ORIENTED_EDGE('',*,*,#1538,.F.);
#1965=ORIENTED_EDGE('',*,*,#1534,.T.);
#1966=ORIENTED_EDGE('',*,*,#1539,.F.);
#1967=ORIENTED_EDGE('',*,*,#1540,.F.);
#1968=ORIENTED_EDGE('',*,*,#1541,.F.);
#1969=ORIENTED_EDGE('',*,*,#1537,.T.);
#1970=ORIENTED_EDGE('',*,*,#1542,.F.);
#1971=ORIENTED_EDGE('',*,*,#1543,.F.);
#1972=ORIENTED_EDGE('',*,*,#1544,.F.);
#1973=ORIENTED_EDGE('',*,*,#1540,.T.);
#1974=ORIENTED_EDGE('',*,*,#1545,.F.);
#1975=ORIENTED_EDGE('',*,*,#1546,.F.);
#1976=ORIENTED_EDGE('',*,*,#1547,.F.);
#1977=ORIENTED_EDGE('',*,*,#1543,.T.);
#1978=ORIENTED_EDGE('',*,*,#1548,.F.);
#1979=ORIENTED_EDGE('',*,*,#1549,.F.);
#1980=ORIENTED_EDGE('',*,*,#1550,.F.);
#1981=ORIENTED_EDGE('',*,*,#1546,.T.);
#1982=ORIENTED_EDGE('',*,*,#1551,.F.);
#1983=ORIENTED_EDGE('',*,*,#1552,.F.);
#1984=ORIENTED_EDGE('',*,*,#1553,.F.);
#1985=ORIENTED_EDGE('',*,*,#1549,.T.);
#1986=ORIENTED_EDGE('',*,*,#1554,.F.);
#1987=ORIENTED_EDGE('',*,*,#1555,.F.);
#1988=ORIENTED_EDGE('',*,*,#1556,.F.);
#1989=ORIENTED_EDGE('',*,*,#1552,.T.);
#1990=ORIENTED_EDGE('',*,*,#1557,.F.);
#1991=ORIENTED_EDGE('',*,*,#1558,.F.);
#1992=ORIENTED_EDGE('',*,*,#1559,.F.);
#1993=ORIENTED_EDGE('',*,*,#1555,.T.);
#1994=ORIENTED_EDGE('',*,*,#1560,.F.);
#1995=ORIENTED_EDGE('',*,*,#1561,.F.);
#1996=ORIENTED_EDGE('',*,*,#1562,.F.);
#1997=ORIENTED_EDGE('',*,*,#1558,.T.);
#1998=ORIENTED_EDGE('',*,*,#1563,.F.);
#1999=ORIENTED_EDGE('',*,*,#1564,.F.);
#2000=ORIENTED_EDGE('',*,*,#1565,.F.);
#2001=ORIENTED_EDGE('',*,*,#1561,.T.);
#2002=ORIENTED_EDGE('',*,*,#1566,.F.);
#2003=ORIENTED_EDGE('',*,*,#1567,.F.);
#2004=ORIENTED_EDGE('',*,*,#1568,.F.);
#2005=ORIENTED_EDGE('',*,*,#1564,.T.);
#2006=ORIENTED_EDGE('',*,*,#1569,.F.);
#2007=ORIENTED_EDGE('',*,*,#1570,.F.);
#2008=ORIENTED_EDGE('',*,*,#1571,.F.);
#2009=ORIENTED_EDGE('',*,*,#1567,.T.);
#2010=ORIENTED_EDGE('',*,*,#1572,.F.);
#2011=ORIENTED_EDGE('',*,*,#1573,.F.);
#2012=ORIENTED_EDGE('',*,*,#1574,.F.);
#2013=ORIENTED_EDGE('',*,*,#1570,.T.);
#2014=ORIENTED_EDGE('',*,*,#1575,.F.);
#2015=ORIENTED_EDGE('',*,*,#1576,.T.);
#2016=ORIENTED_EDGE('',*,*,#1577,.F.);
#2017=ORIENTED_EDGE('',*,*,#1576,.F.);
#2018=ORIENTED_EDGE('',*,*,#1578,.F.);
#2019=ORIENTED_EDGE('',*,*,#1579,.F.);
#2020=ORIENTED_EDGE('',*,*,#1580,.F.);
#2021=ORIENTED_EDGE('',*,*,#1581,.T.);
#2022=ORIENTED_EDGE('',*,*,#1578,.T.);
#2023=ORIENTED_EDGE('',*,*,#1575,.T.);
#2024=ORIENTED_EDGE('',*,*,#1581,.F.);
#2025=ORIENTED_EDGE('',*,*,#1582,.F.);
#2026=ORIENTED_EDGE('',*,*,#1583,.T.);
#2027=ORIENTED_EDGE('',*,*,#1579,.T.);
#2028=ORIENTED_EDGE('',*,*,#1580,.T.);
#2029=ORIENTED_EDGE('',*,*,#1583,.F.);
#2030=ORIENTED_EDGE('',*,*,#1584,.F.);
#2031=ORIENTED_EDGE('',*,*,#1585,.F.);
#2032=ORIENTED_EDGE('',*,*,#1586,.F.);
#2033=ORIENTED_EDGE('',*,*,#1587,.T.);
#2034=ORIENTED_EDGE('',*,*,#1584,.T.);
#2035=ORIENTED_EDGE('',*,*,#1582,.T.);
#2036=ORIENTED_EDGE('',*,*,#1587,.F.);
#2037=ORIENTED_EDGE('',*,*,#1588,.F.);
#2038=ORIENTED_EDGE('',*,*,#1589,.T.);
#2039=ORIENTED_EDGE('',*,*,#1585,.T.);
#2040=ORIENTED_EDGE('',*,*,#1586,.T.);
#2041=ORIENTED_EDGE('',*,*,#1589,.F.);
#2042=ORIENTED_EDGE('',*,*,#1590,.F.);
#2043=ORIENTED_EDGE('',*,*,#1591,.F.);
#2044=ORIENTED_EDGE('',*,*,#1592,.F.);
#2045=ORIENTED_EDGE('',*,*,#1593,.T.);
#2046=ORIENTED_EDGE('',*,*,#1590,.T.);
#2047=ORIENTED_EDGE('',*,*,#1588,.T.);
#2048=ORIENTED_EDGE('',*,*,#1593,.F.);
#2049=ORIENTED_EDGE('',*,*,#1594,.F.);
#2050=ORIENTED_EDGE('',*,*,#1595,.T.);
#2051=ORIENTED_EDGE('',*,*,#1591,.T.);
#2052=ORIENTED_EDGE('',*,*,#1592,.T.);
#2053=ORIENTED_EDGE('',*,*,#1595,.F.);
#2054=ORIENTED_EDGE('',*,*,#1596,.F.);
#2055=ORIENTED_EDGE('',*,*,#1597,.F.);
#2056=ORIENTED_EDGE('',*,*,#1598,.F.);
#2057=ORIENTED_EDGE('',*,*,#1599,.T.);
#2058=ORIENTED_EDGE('',*,*,#1596,.T.);
#2059=ORIENTED_EDGE('',*,*,#1594,.T.);
#2060=ORIENTED_EDGE('',*,*,#1599,.F.);
#2061=ORIENTED_EDGE('',*,*,#1600,.F.);
#2062=ORIENTED_EDGE('',*,*,#1601,.T.);
#2063=ORIENTED_EDGE('',*,*,#1597,.T.);
#2064=ORIENTED_EDGE('',*,*,#1598,.T.);
#2065=ORIENTED_EDGE('',*,*,#1601,.F.);
#2066=ORIENTED_EDGE('',*,*,#1602,.F.);
#2067=ORIENTED_EDGE('',*,*,#1603,.F.);
#2068=ORIENTED_EDGE('',*,*,#1604,.F.);
#2069=ORIENTED_EDGE('',*,*,#1605,.T.);
#2070=ORIENTED_EDGE('',*,*,#1602,.T.);
#2071=ORIENTED_EDGE('',*,*,#1600,.T.);
#2072=ORIENTED_EDGE('',*,*,#1605,.F.);
#2073=ORIENTED_EDGE('',*,*,#1606,.F.);
#2074=ORIENTED_EDGE('',*,*,#1607,.T.);
#2075=ORIENTED_EDGE('',*,*,#1603,.T.);
#2076=ORIENTED_EDGE('',*,*,#1604,.T.);
#2077=ORIENTED_EDGE('',*,*,#1607,.F.);
#2078=ORIENTED_EDGE('',*,*,#1608,.F.);
#2079=ORIENTED_EDGE('',*,*,#1609,.F.);
#2080=ORIENTED_EDGE('',*,*,#1610,.F.);
#2081=ORIENTED_EDGE('',*,*,#1611,.T.);
#2082=ORIENTED_EDGE('',*,*,#1608,.T.);
#2083=ORIENTED_EDGE('',*,*,#1606,.T.);
#2084=ORIENTED_EDGE('',*,*,#1611,.F.);
#2085=ORIENTED_EDGE('',*,*,#1612,.F.);
#2086=ORIENTED_EDGE('',*,*,#1613,.T.);
#2087=ORIENTED_EDGE('',*,*,#1609,.T.);
#2088=ORIENTED_EDGE('',*,*,#1610,.T.);
#2089=ORIENTED_EDGE('',*,*,#1613,.F.);
#2090=ORIENTED_EDGE('',*,*,#1614,.F.);
#2091=ORIENTED_EDGE('',*,*,#1615,.F.);
#2092=ORIENTED_EDGE('',*,*,#1616,.F.);
#2093=ORIENTED_EDGE('',*,*,#1617,.T.);
#2094=ORIENTED_EDGE('',*,*,#1614,.T.);
#2095=ORIENTED_EDGE('',*,*,#1612,.T.);
#2096=ORIENTED_EDGE('',*,*,#1617,.F.);
#2097=ORIENTED_EDGE('',*,*,#1618,.F.);
#2098=ORIENTED_EDGE('',*,*,#1619,.T.);
#2099=ORIENTED_EDGE('',*,*,#1615,.T.);
#2100=ORIENTED_EDGE('',*,*,#1616,.T.);
#2101=ORIENTED_EDGE('',*,*,#1619,.F.);
#2102=ORIENTED_EDGE('',*,*,#1620,.F.);
#2103=ORIENTED_EDGE('',*,*,#1621,.F.);
#2104=ORIENTED_EDGE('',*,*,#1622,.F.);
#2105=ORIENTED_EDGE('',*,*,#1623,.T.);
#2106=ORIENTED_EDGE('',*,*,#1620,.T.);
#2107=ORIENTED_EDGE('',*,*,#1618,.T.);
#2108=ORIENTED_EDGE('',*,*,#1623,.F.);
#2109=ORIENTED_EDGE('',*,*,#1624,.F.);
#2110=ORIENTED_EDGE('',*,*,#1625,.T.);
#2111=ORIENTED_EDGE('',*,*,#1621,.T.);
#2112=ORIENTED_EDGE('',*,*,#1622,.T.);
#2113=ORIENTED_EDGE('',*,*,#1625,.F.);
#2114=ORIENTED_EDGE('',*,*,#1626,.T.);
#2115=ORIENTED_EDGE('',*,*,#1627,.F.);
#2116=ORIENTED_EDGE('',*,*,#1628,.F.);
#2117=ORIENTED_EDGE('',*,*,#1629,.T.);
#2118=ORIENTED_EDGE('',*,*,#1630,.F.);
#2119=ORIENTED_EDGE('',*,*,#1631,.T.);
#2120=ORIENTED_EDGE('',*,*,#1632,.T.);
#2121=ORIENTED_EDGE('',*,*,#1526,.F.);
#2122=ORIENTED_EDGE('',*,*,#1624,.T.);
#2123=ORIENTED_EDGE('',*,*,#1633,.T.);
#2124=ORIENTED_EDGE('',*,*,#1525,.T.);
#2125=ORIENTED_EDGE('',*,*,#1529,.T.);
#2126=ORIENTED_EDGE('',*,*,#1532,.T.);
#2127=ORIENTED_EDGE('',*,*,#1535,.T.);
#2128=ORIENTED_EDGE('',*,*,#1538,.T.);
#2129=ORIENTED_EDGE('',*,*,#1541,.T.);
#2130=ORIENTED_EDGE('',*,*,#1544,.T.);
#2131=ORIENTED_EDGE('',*,*,#1547,.T.);
#2132=ORIENTED_EDGE('',*,*,#1550,.T.);
#2133=ORIENTED_EDGE('',*,*,#1553,.T.);
#2134=ORIENTED_EDGE('',*,*,#1556,.T.);
#2135=ORIENTED_EDGE('',*,*,#1559,.T.);
#2136=ORIENTED_EDGE('',*,*,#1562,.T.);
#2137=ORIENTED_EDGE('',*,*,#1565,.T.);
#2138=ORIENTED_EDGE('',*,*,#1568,.T.);
#2139=ORIENTED_EDGE('',*,*,#1571,.T.);
#2140=ORIENTED_EDGE('',*,*,#1574,.T.);
#2141=ORIENTED_EDGE('',*,*,#1634,.T.);
#2142=ORIENTED_EDGE('',*,*,#1635,.F.);
#2143=ORIENTED_EDGE('',*,*,#1626,.F.);
#2144=ORIENTED_EDGE('',*,*,#1636,.F.);
#2145=ORIENTED_EDGE('',*,*,#1637,.F.);
#2146=ORIENTED_EDGE('',*,*,#1638,.F.);
#2147=ORIENTED_EDGE('',*,*,#1639,.T.);
#2148=ORIENTED_EDGE('',*,*,#1640,.F.);
#2149=ORIENTED_EDGE('',*,*,#1641,.F.);
#2150=ORIENTED_EDGE('',*,*,#1642,.F.);
#2151=ORIENTED_EDGE('',*,*,#1637,.T.);
#2152=ORIENTED_EDGE('',*,*,#1643,.F.);
#2153=ORIENTED_EDGE('',*,*,#1644,.F.);
#2154=ORIENTED_EDGE('',*,*,#1645,.F.);
#2155=ORIENTED_EDGE('',*,*,#1641,.T.);
#2156=ORIENTED_EDGE('',*,*,#1646,.F.);
#2157=ORIENTED_EDGE('',*,*,#1647,.F.);
#2158=ORIENTED_EDGE('',*,*,#1648,.F.);
#2159=ORIENTED_EDGE('',*,*,#1644,.T.);
#2160=ORIENTED_EDGE('',*,*,#1649,.F.);
#2161=ORIENTED_EDGE('',*,*,#1650,.F.);
#2162=ORIENTED_EDGE('',*,*,#1651,.F.);
#2163=ORIENTED_EDGE('',*,*,#1647,.T.);
#2164=ORIENTED_EDGE('',*,*,#1652,.F.);
#2165=ORIENTED_EDGE('',*,*,#1653,.F.);
#2166=ORIENTED_EDGE('',*,*,#1654,.F.);
#2167=ORIENTED_EDGE('',*,*,#1650,.T.);
#2168=ORIENTED_EDGE('',*,*,#1655,.F.);
#2169=ORIENTED_EDGE('',*,*,#1656,.F.);
#2170=ORIENTED_EDGE('',*,*,#1657,.F.);
#2171=ORIENTED_EDGE('',*,*,#1653,.T.);
#2172=ORIENTED_EDGE('',*,*,#1658,.F.);
#2173=ORIENTED_EDGE('',*,*,#1659,.F.);
#2174=ORIENTED_EDGE('',*,*,#1660,.F.);
#2175=ORIENTED_EDGE('',*,*,#1656,.T.);
#2176=ORIENTED_EDGE('',*,*,#1661,.F.);
#2177=ORIENTED_EDGE('',*,*,#1662,.F.);
#2178=ORIENTED_EDGE('',*,*,#1663,.F.);
#2179=ORIENTED_EDGE('',*,*,#1659,.T.);
#2180=ORIENTED_EDGE('',*,*,#1664,.F.);
#2181=ORIENTED_EDGE('',*,*,#1665,.F.);
#2182=ORIENTED_EDGE('',*,*,#1666,.F.);
#2183=ORIENTED_EDGE('',*,*,#1662,.T.);
#2184=ORIENTED_EDGE('',*,*,#1667,.F.);
#2185=ORIENTED_EDGE('',*,*,#1668,.F.);
#2186=ORIENTED_EDGE('',*,*,#1669,.F.);
#2187=ORIENTED_EDGE('',*,*,#1665,.T.);
#2188=ORIENTED_EDGE('',*,*,#1670,.F.);
#2189=ORIENTED_EDGE('',*,*,#1671,.F.);
#2190=ORIENTED_EDGE('',*,*,#1672,.F.);
#2191=ORIENTED_EDGE('',*,*,#1668,.T.);
#2192=ORIENTED_EDGE('',*,*,#1673,.F.);
#2193=ORIENTED_EDGE('',*,*,#1674,.F.);
#2194=ORIENTED_EDGE('',*,*,#1675,.F.);
#2195=ORIENTED_EDGE('',*,*,#1671,.T.);
#2196=ORIENTED_EDGE('',*,*,#1676,.F.);
#2197=ORIENTED_EDGE('',*,*,#1677,.F.);
#2198=ORIENTED_EDGE('',*,*,#1678,.F.);
#2199=ORIENTED_EDGE('',*,*,#1674,.T.);
#2200=ORIENTED_EDGE('',*,*,#1679,.F.);
#2201=ORIENTED_EDGE('',*,*,#1680,.F.);
#2202=ORIENTED_EDGE('',*,*,#1681,.F.);
#2203=ORIENTED_EDGE('',*,*,#1677,.T.);
#2204=ORIENTED_EDGE('',*,*,#1682,.F.);
#2205=ORIENTED_EDGE('',*,*,#1683,.F.);
#2206=ORIENTED_EDGE('',*,*,#1684,.F.);
#2207=ORIENTED_EDGE('',*,*,#1680,.T.);
#2208=ORIENTED_EDGE('',*,*,#1685,.F.);
#2209=ORIENTED_EDGE('',*,*,#1629,.F.);
#2210=ORIENTED_EDGE('',*,*,#1686,.F.);
#2211=ORIENTED_EDGE('',*,*,#1683,.T.);
#2212=ORIENTED_EDGE('',*,*,#1687,.F.);
#2213=ORIENTED_EDGE('',*,*,#1688,.T.);
#2214=ORIENTED_EDGE('',*,*,#1633,.F.);
#2215=ORIENTED_EDGE('',*,*,#1688,.F.);
#2216=ORIENTED_EDGE('',*,*,#1689,.F.);
#2217=ORIENTED_EDGE('',*,*,#1690,.F.);
#2218=ORIENTED_EDGE('',*,*,#1691,.F.);
#2219=ORIENTED_EDGE('',*,*,#1692,.T.);
#2220=ORIENTED_EDGE('',*,*,#1689,.T.);
#2221=ORIENTED_EDGE('',*,*,#1687,.T.);
#2222=ORIENTED_EDGE('',*,*,#1692,.F.);
#2223=ORIENTED_EDGE('',*,*,#1693,.F.);
#2224=ORIENTED_EDGE('',*,*,#1694,.T.);
#2225=ORIENTED_EDGE('',*,*,#1690,.T.);
#2226=ORIENTED_EDGE('',*,*,#1691,.T.);
#2227=ORIENTED_EDGE('',*,*,#1694,.F.);
#2228=ORIENTED_EDGE('',*,*,#1695,.F.);
#2229=ORIENTED_EDGE('',*,*,#1696,.F.);
#2230=ORIENTED_EDGE('',*,*,#1697,.F.);
#2231=ORIENTED_EDGE('',*,*,#1698,.T.);
#2232=ORIENTED_EDGE('',*,*,#1695,.T.);
#2233=ORIENTED_EDGE('',*,*,#1693,.T.);
#2234=ORIENTED_EDGE('',*,*,#1698,.F.);
#2235=ORIENTED_EDGE('',*,*,#1699,.F.);
#2236=ORIENTED_EDGE('',*,*,#1700,.T.);
#2237=ORIENTED_EDGE('',*,*,#1696,.T.);
#2238=ORIENTED_EDGE('',*,*,#1697,.T.);
#2239=ORIENTED_EDGE('',*,*,#1700,.F.);
#2240=ORIENTED_EDGE('',*,*,#1701,.F.);
#2241=ORIENTED_EDGE('',*,*,#1702,.F.);
#2242=ORIENTED_EDGE('',*,*,#1703,.F.);
#2243=ORIENTED_EDGE('',*,*,#1704,.T.);
#2244=ORIENTED_EDGE('',*,*,#1701,.T.);
#2245=ORIENTED_EDGE('',*,*,#1699,.T.);
#2246=ORIENTED_EDGE('',*,*,#1704,.F.);
#2247=ORIENTED_EDGE('',*,*,#1705,.F.);
#2248=ORIENTED_EDGE('',*,*,#1706,.T.);
#2249=ORIENTED_EDGE('',*,*,#1702,.T.);
#2250=ORIENTED_EDGE('',*,*,#1703,.T.);
#2251=ORIENTED_EDGE('',*,*,#1706,.F.);
#2252=ORIENTED_EDGE('',*,*,#1707,.F.);
#2253=ORIENTED_EDGE('',*,*,#1708,.F.);
#2254=ORIENTED_EDGE('',*,*,#1709,.F.);
#2255=ORIENTED_EDGE('',*,*,#1710,.T.);
#2256=ORIENTED_EDGE('',*,*,#1707,.T.);
#2257=ORIENTED_EDGE('',*,*,#1705,.T.);
#2258=ORIENTED_EDGE('',*,*,#1710,.F.);
#2259=ORIENTED_EDGE('',*,*,#1711,.F.);
#2260=ORIENTED_EDGE('',*,*,#1712,.T.);
#2261=ORIENTED_EDGE('',*,*,#1708,.T.);
#2262=ORIENTED_EDGE('',*,*,#1709,.T.);
#2263=ORIENTED_EDGE('',*,*,#1712,.F.);
#2264=ORIENTED_EDGE('',*,*,#1713,.F.);
#2265=ORIENTED_EDGE('',*,*,#1714,.F.);
#2266=ORIENTED_EDGE('',*,*,#1715,.F.);
#2267=ORIENTED_EDGE('',*,*,#1716,.T.);
#2268=ORIENTED_EDGE('',*,*,#1713,.T.);
#2269=ORIENTED_EDGE('',*,*,#1711,.T.);
#2270=ORIENTED_EDGE('',*,*,#1716,.F.);
#2271=ORIENTED_EDGE('',*,*,#1717,.F.);
#2272=ORIENTED_EDGE('',*,*,#1718,.T.);
#2273=ORIENTED_EDGE('',*,*,#1714,.T.);
#2274=ORIENTED_EDGE('',*,*,#1715,.T.);
#2275=ORIENTED_EDGE('',*,*,#1718,.F.);
#2276=ORIENTED_EDGE('',*,*,#1719,.F.);
#2277=ORIENTED_EDGE('',*,*,#1720,.F.);
#2278=ORIENTED_EDGE('',*,*,#1721,.F.);
#2279=ORIENTED_EDGE('',*,*,#1722,.T.);
#2280=ORIENTED_EDGE('',*,*,#1719,.T.);
#2281=ORIENTED_EDGE('',*,*,#1717,.T.);
#2282=ORIENTED_EDGE('',*,*,#1722,.F.);
#2283=ORIENTED_EDGE('',*,*,#1723,.F.);
#2284=ORIENTED_EDGE('',*,*,#1724,.T.);
#2285=ORIENTED_EDGE('',*,*,#1720,.T.);
#2286=ORIENTED_EDGE('',*,*,#1721,.T.);
#2287=ORIENTED_EDGE('',*,*,#1724,.F.);
#2288=ORIENTED_EDGE('',*,*,#1725,.F.);
#2289=ORIENTED_EDGE('',*,*,#1726,.F.);
#2290=ORIENTED_EDGE('',*,*,#1727,.F.);
#2291=ORIENTED_EDGE('',*,*,#1728,.T.);
#2292=ORIENTED_EDGE('',*,*,#1725,.T.);
#2293=ORIENTED_EDGE('',*,*,#1723,.T.);
#2294=ORIENTED_EDGE('',*,*,#1728,.F.);
#2295=ORIENTED_EDGE('',*,*,#1729,.F.);
#2296=ORIENTED_EDGE('',*,*,#1730,.T.);
#2297=ORIENTED_EDGE('',*,*,#1726,.T.);
#2298=ORIENTED_EDGE('',*,*,#1727,.T.);
#2299=ORIENTED_EDGE('',*,*,#1730,.F.);
#2300=ORIENTED_EDGE('',*,*,#1731,.F.);
#2301=ORIENTED_EDGE('',*,*,#1732,.F.);
#2302=ORIENTED_EDGE('',*,*,#1733,.F.);
#2303=ORIENTED_EDGE('',*,*,#1734,.T.);
#2304=ORIENTED_EDGE('',*,*,#1731,.T.);
#2305=ORIENTED_EDGE('',*,*,#1729,.T.);
#2306=ORIENTED_EDGE('',*,*,#1734,.F.);
#2307=ORIENTED_EDGE('',*,*,#1735,.F.);
#2308=ORIENTED_EDGE('',*,*,#1736,.T.);
#2309=ORIENTED_EDGE('',*,*,#1732,.T.);
#2310=ORIENTED_EDGE('',*,*,#1733,.T.);
#2311=ORIENTED_EDGE('',*,*,#1736,.F.);
#2312=ORIENTED_EDGE('',*,*,#1737,.F.);
#2313=ORIENTED_EDGE('',*,*,#1738,.T.);
#2314=ORIENTED_EDGE('',*,*,#1739,.T.);
#2315=ORIENTED_EDGE('',*,*,#1639,.F.);
#2316=ORIENTED_EDGE('',*,*,#1740,.T.);
#2317=ORIENTED_EDGE('',*,*,#1741,.F.);
#2318=ORIENTED_EDGE('',*,*,#1634,.F.);
#2319=ORIENTED_EDGE('',*,*,#1573,.T.);
#2320=ORIENTED_EDGE('',*,*,#1577,.T.);
#2321=ORIENTED_EDGE('',*,*,#1735,.T.);
#2322=ORIENTED_EDGE('',*,*,#1638,.T.);
#2323=ORIENTED_EDGE('',*,*,#1642,.T.);
#2324=ORIENTED_EDGE('',*,*,#1645,.T.);
#2325=ORIENTED_EDGE('',*,*,#1648,.T.);
#2326=ORIENTED_EDGE('',*,*,#1651,.T.);
#2327=ORIENTED_EDGE('',*,*,#1654,.T.);
#2328=ORIENTED_EDGE('',*,*,#1657,.T.);
#2329=ORIENTED_EDGE('',*,*,#1660,.T.);
#2330=ORIENTED_EDGE('',*,*,#1663,.T.);
#2331=ORIENTED_EDGE('',*,*,#1666,.T.);
#2332=ORIENTED_EDGE('',*,*,#1669,.T.);
#2333=ORIENTED_EDGE('',*,*,#1672,.T.);
#2334=ORIENTED_EDGE('',*,*,#1675,.T.);
#2335=ORIENTED_EDGE('',*,*,#1678,.T.);
#2336=ORIENTED_EDGE('',*,*,#1681,.T.);
#2337=ORIENTED_EDGE('',*,*,#1684,.T.);
#2338=ORIENTED_EDGE('',*,*,#1686,.T.);
#2339=ORIENTED_EDGE('',*,*,#1628,.T.);
#2340=ORIENTED_EDGE('',*,*,#1742,.F.);
#2341=ORIENTED_EDGE('',*,*,#1740,.F.);
#2342=ORIENTED_EDGE('',*,*,#1743,.F.);
#2343=ORIENTED_EDGE('',*,*,#1744,.T.);
#2344=ORIENTED_EDGE('',*,*,#1745,.F.);
#2345=ORIENTED_EDGE('',*,*,#1744,.F.);
#2346=ORIENTED_EDGE('',*,*,#1743,.T.);
#2347=ORIENTED_EDGE('',*,*,#1746,.F.);
#2348=ORIENTED_EDGE('',*,*,#1747,.T.);
#2349=ORIENTED_EDGE('',*,*,#1748,.F.);
#2350=ORIENTED_EDGE('',*,*,#1747,.F.);
#2351=ORIENTED_EDGE('',*,*,#1746,.T.);
#2352=ORIENTED_EDGE('',*,*,#1749,.F.);
#2353=ORIENTED_EDGE('',*,*,#1750,.T.);
#2354=ORIENTED_EDGE('',*,*,#1751,.F.);
#2355=ORIENTED_EDGE('',*,*,#1750,.F.);
#2356=ORIENTED_EDGE('',*,*,#1749,.T.);
#2357=ORIENTED_EDGE('',*,*,#1752,.F.);
#2358=ORIENTED_EDGE('',*,*,#1753,.T.);
#2359=ORIENTED_EDGE('',*,*,#1754,.F.);
#2360=ORIENTED_EDGE('',*,*,#1753,.F.);
#2361=ORIENTED_EDGE('',*,*,#1752,.T.);
#2362=ORIENTED_EDGE('',*,*,#1755,.F.);
#2363=ORIENTED_EDGE('',*,*,#1756,.T.);
#2364=ORIENTED_EDGE('',*,*,#1757,.F.);
#2365=ORIENTED_EDGE('',*,*,#1756,.F.);
#2366=ORIENTED_EDGE('',*,*,#1755,.T.);
#2367=ORIENTED_EDGE('',*,*,#1758,.F.);
#2368=ORIENTED_EDGE('',*,*,#1759,.T.);
#2369=ORIENTED_EDGE('',*,*,#1760,.F.);
#2370=ORIENTED_EDGE('',*,*,#1759,.F.);
#2371=ORIENTED_EDGE('',*,*,#1758,.T.);
#2372=ORIENTED_EDGE('',*,*,#1761,.F.);
#2373=ORIENTED_EDGE('',*,*,#1762,.T.);
#2374=ORIENTED_EDGE('',*,*,#1763,.F.);
#2375=ORIENTED_EDGE('',*,*,#1762,.F.);
#2376=ORIENTED_EDGE('',*,*,#1761,.T.);
#2377=ORIENTED_EDGE('',*,*,#1764,.F.);
#2378=ORIENTED_EDGE('',*,*,#1765,.T.);
#2379=ORIENTED_EDGE('',*,*,#1766,.F.);
#2380=ORIENTED_EDGE('',*,*,#1765,.F.);
#2381=ORIENTED_EDGE('',*,*,#1764,.T.);
#2382=ORIENTED_EDGE('',*,*,#1767,.F.);
#2383=ORIENTED_EDGE('',*,*,#1768,.T.);
#2384=ORIENTED_EDGE('',*,*,#1769,.F.);
#2385=ORIENTED_EDGE('',*,*,#1768,.F.);
#2386=ORIENTED_EDGE('',*,*,#1767,.T.);
#2387=ORIENTED_EDGE('',*,*,#1770,.F.);
#2388=ORIENTED_EDGE('',*,*,#1771,.T.);
#2389=ORIENTED_EDGE('',*,*,#1772,.F.);
#2390=ORIENTED_EDGE('',*,*,#1771,.F.);
#2391=ORIENTED_EDGE('',*,*,#1770,.T.);
#2392=ORIENTED_EDGE('',*,*,#1773,.F.);
#2393=ORIENTED_EDGE('',*,*,#1774,.T.);
#2394=ORIENTED_EDGE('',*,*,#1775,.F.);
#2395=ORIENTED_EDGE('',*,*,#1774,.F.);
#2396=ORIENTED_EDGE('',*,*,#1773,.T.);
#2397=ORIENTED_EDGE('',*,*,#1776,.F.);
#2398=ORIENTED_EDGE('',*,*,#1777,.T.);
#2399=ORIENTED_EDGE('',*,*,#1778,.F.);
#2400=ORIENTED_EDGE('',*,*,#1777,.F.);
#2401=ORIENTED_EDGE('',*,*,#1776,.T.);
#2402=ORIENTED_EDGE('',*,*,#1779,.F.);
#2403=ORIENTED_EDGE('',*,*,#1780,.T.);
#2404=ORIENTED_EDGE('',*,*,#1781,.F.);
#2405=ORIENTED_EDGE('',*,*,#1780,.F.);
#2406=ORIENTED_EDGE('',*,*,#1779,.T.);
#2407=ORIENTED_EDGE('',*,*,#1782,.F.);
#2408=ORIENTED_EDGE('',*,*,#1783,.T.);
#2409=ORIENTED_EDGE('',*,*,#1784,.F.);
#2410=ORIENTED_EDGE('',*,*,#1783,.F.);
#2411=ORIENTED_EDGE('',*,*,#1782,.T.);
#2412=ORIENTED_EDGE('',*,*,#1785,.F.);
#2413=ORIENTED_EDGE('',*,*,#1786,.T.);
#2414=ORIENTED_EDGE('',*,*,#1787,.F.);
#2415=ORIENTED_EDGE('',*,*,#1786,.F.);
#2416=ORIENTED_EDGE('',*,*,#1785,.T.);
#2417=ORIENTED_EDGE('',*,*,#1788,.F.);
#2418=ORIENTED_EDGE('',*,*,#1789,.T.);
#2419=ORIENTED_EDGE('',*,*,#1790,.F.);
#2420=ORIENTED_EDGE('',*,*,#1789,.F.);
#2421=ORIENTED_EDGE('',*,*,#1788,.T.);
#2422=ORIENTED_EDGE('',*,*,#1791,.F.);
#2423=ORIENTED_EDGE('',*,*,#1792,.T.);
#2424=ORIENTED_EDGE('',*,*,#1793,.F.);
#2425=ORIENTED_EDGE('',*,*,#1792,.F.);
#2426=ORIENTED_EDGE('',*,*,#1791,.T.);
#2427=ORIENTED_EDGE('',*,*,#1794,.F.);
#2428=ORIENTED_EDGE('',*,*,#1795,.T.);
#2429=ORIENTED_EDGE('',*,*,#1796,.F.);
#2430=ORIENTED_EDGE('',*,*,#1795,.F.);
#2431=ORIENTED_EDGE('',*,*,#1794,.T.);
#2432=ORIENTED_EDGE('',*,*,#1797,.F.);
#2433=ORIENTED_EDGE('',*,*,#1798,.T.);
#2434=ORIENTED_EDGE('',*,*,#1799,.F.);
#2435=ORIENTED_EDGE('',*,*,#1798,.F.);
#2436=ORIENTED_EDGE('',*,*,#1797,.T.);
#2437=ORIENTED_EDGE('',*,*,#1800,.F.);
#2438=ORIENTED_EDGE('',*,*,#1801,.T.);
#2439=ORIENTED_EDGE('',*,*,#1802,.F.);
#2440=ORIENTED_EDGE('',*,*,#1801,.F.);
#2441=ORIENTED_EDGE('',*,*,#1800,.T.);
#2442=ORIENTED_EDGE('',*,*,#1803,.F.);
#2443=ORIENTED_EDGE('',*,*,#1804,.T.);
#2444=ORIENTED_EDGE('',*,*,#1805,.F.);
#2445=ORIENTED_EDGE('',*,*,#1804,.F.);
#2446=ORIENTED_EDGE('',*,*,#1803,.T.);
#2447=ORIENTED_EDGE('',*,*,#1806,.F.);
#2448=ORIENTED_EDGE('',*,*,#1807,.T.);
#2449=ORIENTED_EDGE('',*,*,#1808,.F.);
#2450=ORIENTED_EDGE('',*,*,#1807,.F.);
#2451=ORIENTED_EDGE('',*,*,#1806,.T.);
#2452=ORIENTED_EDGE('',*,*,#1809,.F.);
#2453=ORIENTED_EDGE('',*,*,#1810,.T.);
#2454=ORIENTED_EDGE('',*,*,#1811,.F.);
#2455=ORIENTED_EDGE('',*,*,#1810,.F.);
#2456=ORIENTED_EDGE('',*,*,#1809,.T.);
#2457=ORIENTED_EDGE('',*,*,#1812,.F.);
#2458=ORIENTED_EDGE('',*,*,#1813,.T.);
#2459=ORIENTED_EDGE('',*,*,#1814,.F.);
#2460=ORIENTED_EDGE('',*,*,#1813,.F.);
#2461=ORIENTED_EDGE('',*,*,#1812,.T.);
#2462=ORIENTED_EDGE('',*,*,#1815,.F.);
#2463=ORIENTED_EDGE('',*,*,#1816,.T.);
#2464=ORIENTED_EDGE('',*,*,#1817,.F.);
#2465=ORIENTED_EDGE('',*,*,#1816,.F.);
#2466=ORIENTED_EDGE('',*,*,#1815,.T.);
#2467=ORIENTED_EDGE('',*,*,#1818,.F.);
#2468=ORIENTED_EDGE('',*,*,#1819,.T.);
#2469=ORIENTED_EDGE('',*,*,#1820,.F.);
#2470=ORIENTED_EDGE('',*,*,#1819,.F.);
#2471=ORIENTED_EDGE('',*,*,#1818,.T.);
#2472=ORIENTED_EDGE('',*,*,#1821,.F.);
#2473=ORIENTED_EDGE('',*,*,#1822,.T.);
#2474=ORIENTED_EDGE('',*,*,#1823,.F.);
#2475=ORIENTED_EDGE('',*,*,#1822,.F.);
#2476=ORIENTED_EDGE('',*,*,#1821,.T.);
#2477=ORIENTED_EDGE('',*,*,#1824,.F.);
#2478=ORIENTED_EDGE('',*,*,#1825,.T.);
#2479=ORIENTED_EDGE('',*,*,#1826,.F.);
#2480=ORIENTED_EDGE('',*,*,#1825,.F.);
#2481=ORIENTED_EDGE('',*,*,#1824,.T.);
#2482=ORIENTED_EDGE('',*,*,#1827,.F.);
#2483=ORIENTED_EDGE('',*,*,#1828,.T.);
#2484=ORIENTED_EDGE('',*,*,#1829,.F.);
#2485=ORIENTED_EDGE('',*,*,#1828,.F.);
#2486=ORIENTED_EDGE('',*,*,#1827,.T.);
#2487=ORIENTED_EDGE('',*,*,#1830,.F.);
#2488=ORIENTED_EDGE('',*,*,#1831,.T.);
#2489=ORIENTED_EDGE('',*,*,#1832,.F.);
#2490=ORIENTED_EDGE('',*,*,#1831,.F.);
#2491=ORIENTED_EDGE('',*,*,#1830,.T.);
#2492=ORIENTED_EDGE('',*,*,#1833,.F.);
#2493=ORIENTED_EDGE('',*,*,#1834,.T.);
#2494=ORIENTED_EDGE('',*,*,#1835,.F.);
#2495=ORIENTED_EDGE('',*,*,#1834,.F.);
#2496=ORIENTED_EDGE('',*,*,#1833,.T.);
#2497=ORIENTED_EDGE('',*,*,#1836,.F.);
#2498=ORIENTED_EDGE('',*,*,#1837,.T.);
#2499=ORIENTED_EDGE('',*,*,#1838,.F.);
#2500=ORIENTED_EDGE('',*,*,#1837,.F.);
#2501=ORIENTED_EDGE('',*,*,#1836,.T.);
#2502=ORIENTED_EDGE('',*,*,#1839,.F.);
#2503=ORIENTED_EDGE('',*,*,#1840,.T.);
#2504=ORIENTED_EDGE('',*,*,#1841,.F.);
#2505=ORIENTED_EDGE('',*,*,#1840,.F.);
#2506=ORIENTED_EDGE('',*,*,#1839,.T.);
#2507=ORIENTED_EDGE('',*,*,#1842,.F.);
#2508=ORIENTED_EDGE('',*,*,#1843,.T.);
#2509=ORIENTED_EDGE('',*,*,#1844,.F.);
#2510=ORIENTED_EDGE('',*,*,#1843,.F.);
#2511=ORIENTED_EDGE('',*,*,#1842,.T.);
#2512=ORIENTED_EDGE('',*,*,#1845,.F.);
#2513=ORIENTED_EDGE('',*,*,#1846,.T.);
#2514=ORIENTED_EDGE('',*,*,#1847,.F.);
#2515=ORIENTED_EDGE('',*,*,#1846,.F.);
#2516=ORIENTED_EDGE('',*,*,#1845,.T.);
#2517=ORIENTED_EDGE('',*,*,#1848,.F.);
#2518=ORIENTED_EDGE('',*,*,#1849,.T.);
#2519=ORIENTED_EDGE('',*,*,#1850,.F.);
#2520=ORIENTED_EDGE('',*,*,#1849,.F.);
#2521=ORIENTED_EDGE('',*,*,#1848,.T.);
#2522=ORIENTED_EDGE('',*,*,#1851,.F.);
#2523=ORIENTED_EDGE('',*,*,#1852,.T.);
#2524=ORIENTED_EDGE('',*,*,#1853,.F.);
#2525=ORIENTED_EDGE('',*,*,#1852,.F.);
#2526=ORIENTED_EDGE('',*,*,#1851,.T.);
#2527=ORIENTED_EDGE('',*,*,#1854,.F.);
#2528=ORIENTED_EDGE('',*,*,#1855,.T.);
#2529=ORIENTED_EDGE('',*,*,#1856,.F.);
#2530=ORIENTED_EDGE('',*,*,#1855,.F.);
#2531=ORIENTED_EDGE('',*,*,#1854,.T.);
#2532=ORIENTED_EDGE('',*,*,#1857,.F.);
#2533=ORIENTED_EDGE('',*,*,#1858,.T.);
#2534=ORIENTED_EDGE('',*,*,#1859,.F.);
#2535=ORIENTED_EDGE('',*,*,#1858,.F.);
#2536=ORIENTED_EDGE('',*,*,#1857,.T.);
#2537=ORIENTED_EDGE('',*,*,#1860,.F.);
#2538=ORIENTED_EDGE('',*,*,#1861,.T.);
#2539=ORIENTED_EDGE('',*,*,#1862,.F.);
#2540=ORIENTED_EDGE('',*,*,#1861,.F.);
#2541=ORIENTED_EDGE('',*,*,#1860,.T.);
#2542=ORIENTED_EDGE('',*,*,#1863,.F.);
#2543=ORIENTED_EDGE('',*,*,#1864,.T.);
#2544=ORIENTED_EDGE('',*,*,#1865,.F.);
#2545=ORIENTED_EDGE('',*,*,#1864,.F.);
#2546=ORIENTED_EDGE('',*,*,#1863,.T.);
#2547=ORIENTED_EDGE('',*,*,#1866,.F.);
#2548=ORIENTED_EDGE('',*,*,#1867,.T.);
#2549=ORIENTED_EDGE('',*,*,#1868,.F.);
#2550=ORIENTED_EDGE('',*,*,#1867,.F.);
#2551=ORIENTED_EDGE('',*,*,#1866,.T.);
#2552=ORIENTED_EDGE('',*,*,#1869,.F.);
#2553=ORIENTED_EDGE('',*,*,#1870,.T.);
#2554=ORIENTED_EDGE('',*,*,#1871,.F.);
#2555=ORIENTED_EDGE('',*,*,#1870,.F.);
#2556=ORIENTED_EDGE('',*,*,#1869,.T.);
#2557=ORIENTED_EDGE('',*,*,#1872,.F.);
#2558=ORIENTED_EDGE('',*,*,#1873,.T.);
#2559=ORIENTED_EDGE('',*,*,#1874,.F.);
#2560=ORIENTED_EDGE('',*,*,#1873,.F.);
#2561=ORIENTED_EDGE('',*,*,#1872,.T.);
#2562=ORIENTED_EDGE('',*,*,#1875,.F.);
#2563=ORIENTED_EDGE('',*,*,#1876,.T.);
#2564=ORIENTED_EDGE('',*,*,#1877,.F.);
#2565=ORIENTED_EDGE('',*,*,#1876,.F.);
#2566=ORIENTED_EDGE('',*,*,#1875,.T.);
#2567=ORIENTED_EDGE('',*,*,#1878,.F.);
#2568=ORIENTED_EDGE('',*,*,#1879,.T.);
#2569=ORIENTED_EDGE('',*,*,#1880,.F.);
#2570=ORIENTED_EDGE('',*,*,#1879,.F.);
#2571=ORIENTED_EDGE('',*,*,#1878,.T.);
#2572=ORIENTED_EDGE('',*,*,#1881,.F.);
#2573=ORIENTED_EDGE('',*,*,#1882,.T.);
#2574=ORIENTED_EDGE('',*,*,#1883,.F.);
#2575=ORIENTED_EDGE('',*,*,#1882,.F.);
#2576=ORIENTED_EDGE('',*,*,#1881,.T.);
#2577=ORIENTED_EDGE('',*,*,#1884,.F.);
#2578=ORIENTED_EDGE('',*,*,#1885,.T.);
#2579=ORIENTED_EDGE('',*,*,#1886,.F.);
#2580=ORIENTED_EDGE('',*,*,#1885,.F.);
#2581=ORIENTED_EDGE('',*,*,#1884,.T.);
#2582=ORIENTED_EDGE('',*,*,#1887,.F.);
#2583=ORIENTED_EDGE('',*,*,#1888,.T.);
#2584=ORIENTED_EDGE('',*,*,#1889,.F.);
#2585=ORIENTED_EDGE('',*,*,#1888,.F.);
#2586=ORIENTED_EDGE('',*,*,#1887,.T.);
#2587=ORIENTED_EDGE('',*,*,#1890,.F.);
#2588=ORIENTED_EDGE('',*,*,#1891,.T.);
#2589=ORIENTED_EDGE('',*,*,#1892,.F.);
#2590=ORIENTED_EDGE('',*,*,#1891,.F.);
#2591=ORIENTED_EDGE('',*,*,#1890,.T.);
#2592=ORIENTED_EDGE('',*,*,#1893,.F.);
#2593=ORIENTED_EDGE('',*,*,#1894,.T.);
#2594=ORIENTED_EDGE('',*,*,#1895,.F.);
#2595=ORIENTED_EDGE('',*,*,#1894,.F.);
#2596=ORIENTED_EDGE('',*,*,#1893,.T.);
#2597=ORIENTED_EDGE('',*,*,#1896,.F.);
#2598=ORIENTED_EDGE('',*,*,#1897,.T.);
#2599=ORIENTED_EDGE('',*,*,#1898,.F.);
#2600=ORIENTED_EDGE('',*,*,#1897,.F.);
#2601=ORIENTED_EDGE('',*,*,#1896,.T.);
#2602=ORIENTED_EDGE('',*,*,#1899,.F.);
#2603=ORIENTED_EDGE('',*,*,#1900,.T.);
#2604=ORIENTED_EDGE('',*,*,#1901,.F.);
#2605=ORIENTED_EDGE('',*,*,#1900,.F.);
#2606=ORIENTED_EDGE('',*,*,#1899,.T.);
#2607=ORIENTED_EDGE('',*,*,#1902,.F.);
#2608=ORIENTED_EDGE('',*,*,#1903,.T.);
#2609=ORIENTED_EDGE('',*,*,#1904,.F.);
#2610=ORIENTED_EDGE('',*,*,#1903,.F.);
#2611=ORIENTED_EDGE('',*,*,#1902,.T.);
#2612=ORIENTED_EDGE('',*,*,#1905,.F.);
#2613=ORIENTED_EDGE('',*,*,#1906,.T.);
#2614=ORIENTED_EDGE('',*,*,#1907,.F.);
#2615=ORIENTED_EDGE('',*,*,#1906,.F.);
#2616=ORIENTED_EDGE('',*,*,#1905,.T.);
#2617=ORIENTED_EDGE('',*,*,#1908,.F.);
#2618=ORIENTED_EDGE('',*,*,#1909,.T.);
#2619=ORIENTED_EDGE('',*,*,#1910,.F.);
#2620=ORIENTED_EDGE('',*,*,#1909,.F.);
#2621=ORIENTED_EDGE('',*,*,#1908,.T.);
#2622=ORIENTED_EDGE('',*,*,#1911,.F.);
#2623=ORIENTED_EDGE('',*,*,#1912,.T.);
#2624=ORIENTED_EDGE('',*,*,#1913,.F.);
#2625=ORIENTED_EDGE('',*,*,#1912,.F.);
#2626=ORIENTED_EDGE('',*,*,#1911,.T.);
#2627=ORIENTED_EDGE('',*,*,#1914,.F.);
#2628=ORIENTED_EDGE('',*,*,#1915,.T.);
#2629=ORIENTED_EDGE('',*,*,#1916,.F.);
#2630=ORIENTED_EDGE('',*,*,#1915,.F.);
#2631=ORIENTED_EDGE('',*,*,#1914,.T.);
#2632=ORIENTED_EDGE('',*,*,#1917,.F.);
#2633=ORIENTED_EDGE('',*,*,#1918,.T.);
#2634=ORIENTED_EDGE('',*,*,#1919,.F.);
#2635=ORIENTED_EDGE('',*,*,#1918,.F.);
#2636=ORIENTED_EDGE('',*,*,#1917,.T.);
#2637=ORIENTED_EDGE('',*,*,#1920,.F.);
#2638=ORIENTED_EDGE('',*,*,#1921,.T.);
#2639=ORIENTED_EDGE('',*,*,#1922,.F.);
#2640=ORIENTED_EDGE('',*,*,#1921,.F.);
#2641=ORIENTED_EDGE('',*,*,#1920,.T.);
#2642=ORIENTED_EDGE('',*,*,#1923,.F.);
#2643=ORIENTED_EDGE('',*,*,#1924,.T.);
#2644=ORIENTED_EDGE('',*,*,#1925,.F.);
#2645=ORIENTED_EDGE('',*,*,#1924,.F.);
#2646=ORIENTED_EDGE('',*,*,#1923,.T.);
#2647=ORIENTED_EDGE('',*,*,#1926,.F.);
#2648=ORIENTED_EDGE('',*,*,#1927,.T.);
#2649=ORIENTED_EDGE('',*,*,#1928,.F.);
#2650=ORIENTED_EDGE('',*,*,#1927,.F.);
#2651=ORIENTED_EDGE('',*,*,#1926,.T.);
#2652=ORIENTED_EDGE('',*,*,#1929,.F.);
#2653=ORIENTED_EDGE('',*,*,#1930,.T.);
#2654=ORIENTED_EDGE('',*,*,#1931,.F.);
#2655=ORIENTED_EDGE('',*,*,#1930,.F.);
#2656=ORIENTED_EDGE('',*,*,#1929,.T.);
#2657=ORIENTED_EDGE('',*,*,#1932,.F.);
#2658=ORIENTED_EDGE('',*,*,#1933,.T.);
#2659=ORIENTED_EDGE('',*,*,#1934,.F.);
#2660=ORIENTED_EDGE('',*,*,#1935,.F.);
#2661=ORIENTED_EDGE('',*,*,#1936,.F.);
#2662=ORIENTED_EDGE('',*,*,#1937,.T.);
#2663=ORIENTED_EDGE('',*,*,#1938,.F.);
#2664=ORIENTED_EDGE('',*,*,#1933,.F.);
#2665=ORIENTED_EDGE('',*,*,#1939,.F.);
#2666=ORIENTED_EDGE('',*,*,#1935,.T.);
#2667=ORIENTED_EDGE('',*,*,#1940,.F.);
#2668=ORIENTED_EDGE('',*,*,#1941,.F.);
#2669=ORIENTED_EDGE('',*,*,#1942,.F.);
#2670=ORIENTED_EDGE('',*,*,#1941,.T.);
#2671=ORIENTED_EDGE('',*,*,#1943,.F.);
#2672=ORIENTED_EDGE('',*,*,#1937,.F.);
#2673=ORIENTED_EDGE('',*,*,#1523,.T.);
#2674=ORIENTED_EDGE('',*,*,#1632,.F.);
#2675=ORIENTED_EDGE('',*,*,#1944,.T.);
#2676=ORIENTED_EDGE('',*,*,#1737,.T.);
#2677=ORIENTED_EDGE('',*,*,#1572,.T.);
#2678=ORIENTED_EDGE('',*,*,#1569,.T.);
#2679=ORIENTED_EDGE('',*,*,#1566,.T.);
#2680=ORIENTED_EDGE('',*,*,#1563,.T.);
#2681=ORIENTED_EDGE('',*,*,#1560,.T.);
#2682=ORIENTED_EDGE('',*,*,#1557,.T.);
#2683=ORIENTED_EDGE('',*,*,#1554,.T.);
#2684=ORIENTED_EDGE('',*,*,#1551,.T.);
#2685=ORIENTED_EDGE('',*,*,#1548,.T.);
#2686=ORIENTED_EDGE('',*,*,#1545,.T.);
#2687=ORIENTED_EDGE('',*,*,#1542,.T.);
#2688=ORIENTED_EDGE('',*,*,#1539,.T.);
#2689=ORIENTED_EDGE('',*,*,#1536,.T.);
#2690=ORIENTED_EDGE('',*,*,#1533,.T.);
#2691=ORIENTED_EDGE('',*,*,#1530,.T.);
#2692=ORIENTED_EDGE('',*,*,#1527,.T.);
#2693=ORIENTED_EDGE('',*,*,#1636,.T.);
#2694=ORIENTED_EDGE('',*,*,#1739,.F.);
#2695=ORIENTED_EDGE('',*,*,#1945,.T.);
#2696=ORIENTED_EDGE('',*,*,#1630,.T.);
#2697=ORIENTED_EDGE('',*,*,#1685,.T.);
#2698=ORIENTED_EDGE('',*,*,#1682,.T.);
#2699=ORIENTED_EDGE('',*,*,#1679,.T.);
#2700=ORIENTED_EDGE('',*,*,#1676,.T.);
#2701=ORIENTED_EDGE('',*,*,#1673,.T.);
#2702=ORIENTED_EDGE('',*,*,#1670,.T.);
#2703=ORIENTED_EDGE('',*,*,#1667,.T.);
#2704=ORIENTED_EDGE('',*,*,#1664,.T.);
#2705=ORIENTED_EDGE('',*,*,#1661,.T.);
#2706=ORIENTED_EDGE('',*,*,#1658,.T.);
#2707=ORIENTED_EDGE('',*,*,#1655,.T.);
#2708=ORIENTED_EDGE('',*,*,#1652,.T.);
#2709=ORIENTED_EDGE('',*,*,#1649,.T.);
#2710=ORIENTED_EDGE('',*,*,#1646,.T.);
#2711=ORIENTED_EDGE('',*,*,#1643,.T.);
#2712=ORIENTED_EDGE('',*,*,#1640,.T.);
#2713=ORIENTED_EDGE('',*,*,#1741,.T.);
#2714=ORIENTED_EDGE('',*,*,#1742,.T.);
#2715=ORIENTED_EDGE('',*,*,#1627,.T.);
#2716=ORIENTED_EDGE('',*,*,#1635,.T.);
#2717=ORIENTED_EDGE('',*,*,#1938,.T.);
#2718=ORIENTED_EDGE('',*,*,#1943,.T.);
#2719=ORIENTED_EDGE('',*,*,#1940,.T.);
#2720=ORIENTED_EDGE('',*,*,#1934,.T.);
#2721=ORIENTED_EDGE('',*,*,#1936,.T.);
#2722=ORIENTED_EDGE('',*,*,#1932,.T.);
#2723=ORIENTED_EDGE('',*,*,#1939,.T.);
#2724=ORIENTED_EDGE('',*,*,#1942,.T.);
#2725=ORIENTED_EDGE('',*,*,#1748,.T.);
#2726=ORIENTED_EDGE('',*,*,#1754,.T.);
#2727=ORIENTED_EDGE('',*,*,#1760,.T.);
#2728=ORIENTED_EDGE('',*,*,#1766,.T.);
#2729=ORIENTED_EDGE('',*,*,#1772,.T.);
#2730=ORIENTED_EDGE('',*,*,#1778,.T.);
#2731=ORIENTED_EDGE('',*,*,#1784,.T.);
#2732=ORIENTED_EDGE('',*,*,#1790,.T.);
#2733=ORIENTED_EDGE('',*,*,#1796,.T.);
#2734=ORIENTED_EDGE('',*,*,#1802,.T.);
#2735=ORIENTED_EDGE('',*,*,#1808,.T.);
#2736=ORIENTED_EDGE('',*,*,#1814,.T.);
#2737=ORIENTED_EDGE('',*,*,#1820,.T.);
#2738=ORIENTED_EDGE('',*,*,#1826,.T.);
#2739=ORIENTED_EDGE('',*,*,#1832,.T.);
#2740=ORIENTED_EDGE('',*,*,#1838,.T.);
#2741=ORIENTED_EDGE('',*,*,#1844,.T.);
#2742=ORIENTED_EDGE('',*,*,#1850,.T.);
#2743=ORIENTED_EDGE('',*,*,#1856,.T.);
#2744=ORIENTED_EDGE('',*,*,#1862,.T.);
#2745=ORIENTED_EDGE('',*,*,#1868,.T.);
#2746=ORIENTED_EDGE('',*,*,#1874,.T.);
#2747=ORIENTED_EDGE('',*,*,#1880,.T.);
#2748=ORIENTED_EDGE('',*,*,#1886,.T.);
#2749=ORIENTED_EDGE('',*,*,#1892,.T.);
#2750=ORIENTED_EDGE('',*,*,#1898,.T.);
#2751=ORIENTED_EDGE('',*,*,#1904,.T.);
#2752=ORIENTED_EDGE('',*,*,#1910,.T.);
#2753=ORIENTED_EDGE('',*,*,#1913,.T.);
#2754=ORIENTED_EDGE('',*,*,#1916,.T.);
#2755=ORIENTED_EDGE('',*,*,#1919,.T.);
#2756=ORIENTED_EDGE('',*,*,#1922,.T.);
#2757=ORIENTED_EDGE('',*,*,#1925,.T.);
#2758=ORIENTED_EDGE('',*,*,#1928,.T.);
#2759=ORIENTED_EDGE('',*,*,#1931,.T.);
#2760=ORIENTED_EDGE('',*,*,#1907,.T.);
#2761=ORIENTED_EDGE('',*,*,#1901,.T.);
#2762=ORIENTED_EDGE('',*,*,#1895,.T.);
#2763=ORIENTED_EDGE('',*,*,#1889,.T.);
#2764=ORIENTED_EDGE('',*,*,#1883,.T.);
#2765=ORIENTED_EDGE('',*,*,#1877,.T.);
#2766=ORIENTED_EDGE('',*,*,#1871,.T.);
#2767=ORIENTED_EDGE('',*,*,#1865,.T.);
#2768=ORIENTED_EDGE('',*,*,#1859,.T.);
#2769=ORIENTED_EDGE('',*,*,#1853,.T.);
#2770=ORIENTED_EDGE('',*,*,#1847,.T.);
#2771=ORIENTED_EDGE('',*,*,#1841,.T.);
#2772=ORIENTED_EDGE('',*,*,#1835,.T.);
#2773=ORIENTED_EDGE('',*,*,#1829,.T.);
#2774=ORIENTED_EDGE('',*,*,#1823,.T.);
#2775=ORIENTED_EDGE('',*,*,#1817,.T.);
#2776=ORIENTED_EDGE('',*,*,#1811,.T.);
#2777=ORIENTED_EDGE('',*,*,#1805,.T.);
#2778=ORIENTED_EDGE('',*,*,#1799,.T.);
#2779=ORIENTED_EDGE('',*,*,#1793,.T.);
#2780=ORIENTED_EDGE('',*,*,#1787,.T.);
#2781=ORIENTED_EDGE('',*,*,#1781,.T.);
#2782=ORIENTED_EDGE('',*,*,#1775,.T.);
#2783=ORIENTED_EDGE('',*,*,#1769,.T.);
#2784=ORIENTED_EDGE('',*,*,#1763,.T.);
#2785=ORIENTED_EDGE('',*,*,#1757,.T.);
#2786=ORIENTED_EDGE('',*,*,#1751,.T.);
#2787=ORIENTED_EDGE('',*,*,#1745,.T.);
#2788=ORIENTED_EDGE('',*,*,#1738,.F.);
#2789=ORIENTED_EDGE('',*,*,#1944,.F.);
#2790=ORIENTED_EDGE('',*,*,#1631,.F.);
#2791=ORIENTED_EDGE('',*,*,#1945,.F.);
#2792=CYLINDRICAL_SURFACE('',#3112,4.49999999999999);
#2793=CYLINDRICAL_SURFACE('',#3119,4.49999999999999);
#2794=CYLINDRICAL_SURFACE('',#3125,4.49999999999999);
#2795=CYLINDRICAL_SURFACE('',#3131,4.49999999999999);
#2796=CYLINDRICAL_SURFACE('',#3137,4.49999999999999);
#2797=CYLINDRICAL_SURFACE('',#3143,4.49999999999999);
#2798=CYLINDRICAL_SURFACE('',#3149,4.49999999999999);
#2799=CYLINDRICAL_SURFACE('',#3155,4.49999999999999);
#2800=CYLINDRICAL_SURFACE('',#3161,4.49999999999999);
#2801=CYLINDRICAL_SURFACE('',#3163,2.95);
#2802=CYLINDRICAL_SURFACE('',#3171,2.95);
#2803=CYLINDRICAL_SURFACE('',#3178,2.95);
#2804=CYLINDRICAL_SURFACE('',#3185,2.95);
#2805=CYLINDRICAL_SURFACE('',#3192,2.95);
#2806=CYLINDRICAL_SURFACE('',#3199,2.95);
#2807=CYLINDRICAL_SURFACE('',#3206,2.95);
#2808=CYLINDRICAL_SURFACE('',#3213,2.95);
#2809=CYLINDRICAL_SURFACE('',#3220,2.95);
#2810=CYLINDRICAL_SURFACE('',#3226,4.49999999999999);
#2811=CYLINDRICAL_SURFACE('',#3233,4.49999999999999);
#2812=CYLINDRICAL_SURFACE('',#3239,4.49999999999999);
#2813=CYLINDRICAL_SURFACE('',#3245,4.49999999999999);
#2814=CYLINDRICAL_SURFACE('',#3251,4.49999999999999);
#2815=CYLINDRICAL_SURFACE('',#3257,4.49999999999999);
#2816=CYLINDRICAL_SURFACE('',#3263,4.49999999999999);
#2817=CYLINDRICAL_SURFACE('',#3269,4.49999999999999);
#2818=CYLINDRICAL_SURFACE('',#3275,4.49999999999999);
#2819=CYLINDRICAL_SURFACE('',#3276,2.95);
#2820=CYLINDRICAL_SURFACE('',#3283,2.95);
#2821=CYLINDRICAL_SURFACE('',#3290,2.95);
#2822=CYLINDRICAL_SURFACE('',#3297,2.95);
#2823=CYLINDRICAL_SURFACE('',#3304,2.95);
#2824=CYLINDRICAL_SURFACE('',#3311,2.95);
#2825=CYLINDRICAL_SURFACE('',#3318,2.95);
#2826=CYLINDRICAL_SURFACE('',#3325,2.95);
#2827=CYLINDRICAL_SURFACE('',#3332,2.95);
#2828=CYLINDRICAL_SURFACE('',#3336,12.5);
#2829=CYLINDRICAL_SURFACE('',#3340,12.5);
#2830=CYLINDRICAL_SURFACE('',#3344,12.5);
#2831=CYLINDRICAL_SURFACE('',#3348,12.5);
#2832=CYLINDRICAL_SURFACE('',#3352,12.5);
#2833=CYLINDRICAL_SURFACE('',#3356,12.5);
#2834=CYLINDRICAL_SURFACE('',#3360,12.5);
#2835=CYLINDRICAL_SURFACE('',#3364,12.5);
#2836=CYLINDRICAL_SURFACE('',#3368,12.5);
#2837=CYLINDRICAL_SURFACE('',#3372,12.5);
#2838=CYLINDRICAL_SURFACE('',#3376,12.5);
#2839=CYLINDRICAL_SURFACE('',#3380,12.5);
#2840=CYLINDRICAL_SURFACE('',#3384,12.5);
#2841=CYLINDRICAL_SURFACE('',#3388,12.5);
#2842=CYLINDRICAL_SURFACE('',#3392,12.5);
#2843=CYLINDRICAL_SURFACE('',#3396,12.5);
#2844=CYLINDRICAL_SURFACE('',#3400,12.5);
#2845=CYLINDRICAL_SURFACE('',#3404,12.5);
#2846=CYLINDRICAL_SURFACE('',#3408,12.5);
#2847=CYLINDRICAL_SURFACE('',#3412,12.5);
#2848=CYLINDRICAL_SURFACE('',#3416,12.5);
#2849=CYLINDRICAL_SURFACE('',#3420,12.5);
#2850=CYLINDRICAL_SURFACE('',#3424,12.5);
#2851=CYLINDRICAL_SURFACE('',#3428,12.5);
#2852=CYLINDRICAL_SURFACE('',#3432,12.5);
#2853=CYLINDRICAL_SURFACE('',#3436,12.5);
#2854=CYLINDRICAL_SURFACE('',#3440,12.5);
#2855=CYLINDRICAL_SURFACE('',#3444,12.5);
#2856=CYLINDRICAL_SURFACE('',#3448,12.5);
#2857=CYLINDRICAL_SURFACE('',#3452,12.5);
#2858=CYLINDRICAL_SURFACE('',#3456,12.5);
#2859=CYLINDRICAL_SURFACE('',#3460,12.5);
#2860=CYLINDRICAL_SURFACE('',#3464,12.5);
#2861=CYLINDRICAL_SURFACE('',#3468,12.5);
#2862=CYLINDRICAL_SURFACE('',#3472,12.5);
#2863=CYLINDRICAL_SURFACE('',#3476,12.5);
#2864=CYLINDRICAL_SURFACE('',#3480,12.5);
#2865=CYLINDRICAL_SURFACE('',#3484,12.5);
#2866=CYLINDRICAL_SURFACE('',#3488,12.5);
#2867=CYLINDRICAL_SURFACE('',#3492,12.5);
#2868=CYLINDRICAL_SURFACE('',#3496,12.5);
#2869=CYLINDRICAL_SURFACE('',#3500,12.5);
#2870=CYLINDRICAL_SURFACE('',#3504,12.5);
#2871=CYLINDRICAL_SURFACE('',#3508,12.5);
#2872=CYLINDRICAL_SURFACE('',#3512,12.5);
#2873=CYLINDRICAL_SURFACE('',#3516,12.5);
#2874=CYLINDRICAL_SURFACE('',#3520,12.5);
#2875=CYLINDRICAL_SURFACE('',#3524,12.5);
#2876=CYLINDRICAL_SURFACE('',#3528,12.5);
#2877=CYLINDRICAL_SURFACE('',#3532,12.5);
#2878=CYLINDRICAL_SURFACE('',#3536,12.5);
#2879=CYLINDRICAL_SURFACE('',#3540,12.5);
#2880=CYLINDRICAL_SURFACE('',#3544,12.5);
#2881=CYLINDRICAL_SURFACE('',#3548,12.5);
#2882=CYLINDRICAL_SURFACE('',#3552,12.5);
#2883=CYLINDRICAL_SURFACE('',#3556,12.5);
#2884=CYLINDRICAL_SURFACE('',#3560,12.5);
#2885=CYLINDRICAL_SURFACE('',#3564,12.5);
#2886=CYLINDRICAL_SURFACE('',#3568,12.5);
#2887=CYLINDRICAL_SURFACE('',#3572,12.5);
#2888=CYLINDRICAL_SURFACE('',#3576,12.5);
#2889=CYLINDRICAL_SURFACE('',#3580,12.5);
#2890=CYLINDRICAL_SURFACE('',#3584,12.5);
#2891=ADVANCED_FACE('',(#191),#2792,.T.);
#2892=ADVANCED_FACE('',(#192),#159,.T.);
#2893=ADVANCED_FACE('',(#193),#2793,.T.);
#2894=ADVANCED_FACE('',(#194),#160,.T.);
#2895=ADVANCED_FACE('',(#195),#2794,.T.);
#2896=ADVANCED_FACE('',(#196),#161,.T.);
#2897=ADVANCED_FACE('',(#197),#2795,.T.);
#2898=ADVANCED_FACE('',(#198),#162,.T.);
#2899=ADVANCED_FACE('',(#199),#2796,.T.);
#2900=ADVANCED_FACE('',(#200),#163,.T.);
#2901=ADVANCED_FACE('',(#201),#2797,.T.);
#2902=ADVANCED_FACE('',(#202),#164,.T.);
#2903=ADVANCED_FACE('',(#203),#2798,.T.);
#2904=ADVANCED_FACE('',(#204),#165,.T.);
#2905=ADVANCED_FACE('',(#205),#2799,.T.);
#2906=ADVANCED_FACE('',(#206),#166,.T.);
#2907=ADVANCED_FACE('',(#207),#2800,.T.);
#2908=ADVANCED_FACE('',(#208),#2801,.F.);
#2909=ADVANCED_FACE('',(#209),#167,.F.);
#2910=ADVANCED_FACE('',(#210),#2802,.F.);
#2911=ADVANCED_FACE('',(#211),#168,.F.);
#2912=ADVANCED_FACE('',(#212),#2803,.F.);
#2913=ADVANCED_FACE('',(#213),#169,.F.);
#2914=ADVANCED_FACE('',(#214),#2804,.F.);
#2915=ADVANCED_FACE('',(#215),#170,.F.);
#2916=ADVANCED_FACE('',(#216),#2805,.F.);
#2917=ADVANCED_FACE('',(#217),#171,.F.);
#2918=ADVANCED_FACE('',(#218),#2806,.F.);
#2919=ADVANCED_FACE('',(#219),#172,.F.);
#2920=ADVANCED_FACE('',(#220),#2807,.F.);
#2921=ADVANCED_FACE('',(#221),#173,.F.);
#2922=ADVANCED_FACE('',(#222),#2808,.F.);
#2923=ADVANCED_FACE('',(#223),#174,.F.);
#2924=ADVANCED_FACE('',(#224),#2809,.F.);
#2925=ADVANCED_FACE('',(#225,#15,#16),#83,.T.);
#2926=ADVANCED_FACE('',(#226),#84,.T.);
#2927=ADVANCED_FACE('',(#227),#2810,.T.);
#2928=ADVANCED_FACE('',(#228),#175,.T.);
#2929=ADVANCED_FACE('',(#229),#2811,.T.);
#2930=ADVANCED_FACE('',(#230),#176,.T.);
#2931=ADVANCED_FACE('',(#231),#2812,.T.);
#2932=ADVANCED_FACE('',(#232),#177,.T.);
#2933=ADVANCED_FACE('',(#233),#2813,.T.);
#2934=ADVANCED_FACE('',(#234),#178,.T.);
#2935=ADVANCED_FACE('',(#235),#2814,.T.);
#2936=ADVANCED_FACE('',(#236),#179,.T.);
#2937=ADVANCED_FACE('',(#237),#2815,.T.);
#2938=ADVANCED_FACE('',(#238),#180,.T.);
#2939=ADVANCED_FACE('',(#239),#2816,.T.);
#2940=ADVANCED_FACE('',(#240),#181,.T.);
#2941=ADVANCED_FACE('',(#241),#2817,.T.);
#2942=ADVANCED_FACE('',(#242),#182,.T.);
#2943=ADVANCED_FACE('',(#243),#2818,.T.);
#2944=ADVANCED_FACE('',(#244),#2819,.F.);
#2945=ADVANCED_FACE('',(#245),#183,.F.);
#2946=ADVANCED_FACE('',(#246),#2820,.F.);
#2947=ADVANCED_FACE('',(#247),#184,.F.);
#2948=ADVANCED_FACE('',(#248),#2821,.F.);
#2949=ADVANCED_FACE('',(#249),#185,.F.);
#2950=ADVANCED_FACE('',(#250),#2822,.F.);
#2951=ADVANCED_FACE('',(#251),#186,.F.);
#2952=ADVANCED_FACE('',(#252),#2823,.F.);
#2953=ADVANCED_FACE('',(#253),#187,.F.);
#2954=ADVANCED_FACE('',(#254),#2824,.F.);
#2955=ADVANCED_FACE('',(#255),#188,.F.);
#2956=ADVANCED_FACE('',(#256),#2825,.F.);
#2957=ADVANCED_FACE('',(#257),#189,.F.);
#2958=ADVANCED_FACE('',(#258),#2826,.F.);
#2959=ADVANCED_FACE('',(#259),#190,.F.);
#2960=ADVANCED_FACE('',(#260),#2827,.F.);
#2961=ADVANCED_FACE('',(#261,#17,#18),#85,.T.);
#2962=ADVANCED_FACE('',(#262),#86,.T.);
#2963=ADVANCED_FACE('',(#263),#2828,.T.);
#2964=ADVANCED_FACE('',(#264),#87,.T.);
#2965=ADVANCED_FACE('',(#265),#2829,.T.);
#2966=ADVANCED_FACE('',(#266),#88,.T.);
#2967=ADVANCED_FACE('',(#267),#2830,.T.);
#2968=ADVANCED_FACE('',(#268),#89,.T.);
#2969=ADVANCED_FACE('',(#269),#2831,.T.);
#2970=ADVANCED_FACE('',(#270),#90,.T.);
#2971=ADVANCED_FACE('',(#271),#2832,.T.);
#2972=ADVANCED_FACE('',(#272),#91,.T.);
#2973=ADVANCED_FACE('',(#273),#2833,.T.);
#2974=ADVANCED_FACE('',(#274),#92,.T.);
#2975=ADVANCED_FACE('',(#275),#2834,.T.);
#2976=ADVANCED_FACE('',(#276),#93,.T.);
#2977=ADVANCED_FACE('',(#277),#2835,.T.);
#2978=ADVANCED_FACE('',(#278),#94,.T.);
#2979=ADVANCED_FACE('',(#279),#2836,.T.);
#2980=ADVANCED_FACE('',(#280),#95,.T.);
#2981=ADVANCED_FACE('',(#281),#2837,.T.);
#2982=ADVANCED_FACE('',(#282),#96,.T.);
#2983=ADVANCED_FACE('',(#283),#2838,.T.);
#2984=ADVANCED_FACE('',(#284),#97,.T.);
#2985=ADVANCED_FACE('',(#285),#2839,.T.);
#2986=ADVANCED_FACE('',(#286),#98,.T.);
#2987=ADVANCED_FACE('',(#287),#2840,.T.);
#2988=ADVANCED_FACE('',(#288),#99,.T.);
#2989=ADVANCED_FACE('',(#289),#2841,.T.);
#2990=ADVANCED_FACE('',(#290),#100,.T.);
#2991=ADVANCED_FACE('',(#291),#2842,.T.);
#2992=ADVANCED_FACE('',(#292),#101,.T.);
#2993=ADVANCED_FACE('',(#293),#2843,.T.);
#2994=ADVANCED_FACE('',(#294),#102,.T.);
#2995=ADVANCED_FACE('',(#295),#2844,.T.);
#2996=ADVANCED_FACE('',(#296),#103,.T.);
#2997=ADVANCED_FACE('',(#297),#2845,.T.);
#2998=ADVANCED_FACE('',(#298),#104,.T.);
#2999=ADVANCED_FACE('',(#299),#2846,.T.);
#3000=ADVANCED_FACE('',(#300),#105,.T.);
#3001=ADVANCED_FACE('',(#301),#2847,.T.);
#3002=ADVANCED_FACE('',(#302),#106,.T.);
#3003=ADVANCED_FACE('',(#303),#2848,.T.);
#3004=ADVANCED_FACE('',(#304),#107,.T.);
#3005=ADVANCED_FACE('',(#305),#2849,.T.);
#3006=ADVANCED_FACE('',(#306),#108,.T.);
#3007=ADVANCED_FACE('',(#307),#2850,.T.);
#3008=ADVANCED_FACE('',(#308),#109,.T.);
#3009=ADVANCED_FACE('',(#309),#2851,.T.);
#3010=ADVANCED_FACE('',(#310),#110,.T.);
#3011=ADVANCED_FACE('',(#311),#2852,.T.);
#3012=ADVANCED_FACE('',(#312),#111,.T.);
#3013=ADVANCED_FACE('',(#313),#2853,.T.);
#3014=ADVANCED_FACE('',(#314),#112,.T.);
#3015=ADVANCED_FACE('',(#315),#2854,.T.);
#3016=ADVANCED_FACE('',(#316),#113,.T.);
#3017=ADVANCED_FACE('',(#317),#2855,.T.);
#3018=ADVANCED_FACE('',(#318),#114,.T.);
#3019=ADVANCED_FACE('',(#319),#2856,.T.);
#3020=ADVANCED_FACE('',(#320),#115,.T.);
#3021=ADVANCED_FACE('',(#321),#2857,.T.);
#3022=ADVANCED_FACE('',(#322),#116,.T.);
#3023=ADVANCED_FACE('',(#323),#2858,.T.);
#3024=ADVANCED_FACE('',(#324),#117,.T.);
#3025=ADVANCED_FACE('',(#325),#2859,.T.);
#3026=ADVANCED_FACE('',(#326),#118,.T.);
#3027=ADVANCED_FACE('',(#327),#2860,.T.);
#3028=ADVANCED_FACE('',(#328),#119,.T.);
#3029=ADVANCED_FACE('',(#329),#2861,.T.);
#3030=ADVANCED_FACE('',(#330),#120,.T.);
#3031=ADVANCED_FACE('',(#331),#2862,.T.);
#3032=ADVANCED_FACE('',(#332),#121,.T.);
#3033=ADVANCED_FACE('',(#333),#2863,.T.);
#3034=ADVANCED_FACE('',(#334),#122,.T.);
#3035=ADVANCED_FACE('',(#335),#2864,.T.);
#3036=ADVANCED_FACE('',(#336),#123,.T.);
#3037=ADVANCED_FACE('',(#337),#2865,.T.);
#3038=ADVANCED_FACE('',(#338),#124,.T.);
#3039=ADVANCED_FACE('',(#339),#2866,.T.);
#3040=ADVANCED_FACE('',(#340),#125,.T.);
#3041=ADVANCED_FACE('',(#341),#2867,.T.);
#3042=ADVANCED_FACE('',(#342),#126,.T.);
#3043=ADVANCED_FACE('',(#343),#2868,.T.);
#3044=ADVANCED_FACE('',(#344),#127,.T.);
#3045=ADVANCED_FACE('',(#345),#2869,.T.);
#3046=ADVANCED_FACE('',(#346),#128,.T.);
#3047=ADVANCED_FACE('',(#347),#2870,.T.);
#3048=ADVANCED_FACE('',(#348),#129,.T.);
#3049=ADVANCED_FACE('',(#349),#2871,.T.);
#3050=ADVANCED_FACE('',(#350),#130,.T.);
#3051=ADVANCED_FACE('',(#351),#2872,.T.);
#3052=ADVANCED_FACE('',(#352),#131,.T.);
#3053=ADVANCED_FACE('',(#353),#2873,.T.);
#3054=ADVANCED_FACE('',(#354),#132,.T.);
#3055=ADVANCED_FACE('',(#355),#2874,.T.);
#3056=ADVANCED_FACE('',(#356),#133,.T.);
#3057=ADVANCED_FACE('',(#357),#2875,.T.);
#3058=ADVANCED_FACE('',(#358),#134,.T.);
#3059=ADVANCED_FACE('',(#359),#2876,.T.);
#3060=ADVANCED_FACE('',(#360),#135,.T.);
#3061=ADVANCED_FACE('',(#361),#2877,.T.);
#3062=ADVANCED_FACE('',(#362),#136,.T.);
#3063=ADVANCED_FACE('',(#363),#2878,.T.);
#3064=ADVANCED_FACE('',(#364),#137,.T.);
#3065=ADVANCED_FACE('',(#365),#2879,.T.);
#3066=ADVANCED_FACE('',(#366),#138,.T.);
#3067=ADVANCED_FACE('',(#367),#2880,.T.);
#3068=ADVANCED_FACE('',(#368),#139,.T.);
#3069=ADVANCED_FACE('',(#369),#2881,.T.);
#3070=ADVANCED_FACE('',(#370),#140,.T.);
#3071=ADVANCED_FACE('',(#371),#2882,.T.);
#3072=ADVANCED_FACE('',(#372),#141,.T.);
#3073=ADVANCED_FACE('',(#373),#2883,.T.);
#3074=ADVANCED_FACE('',(#374),#142,.T.);
#3075=ADVANCED_FACE('',(#375),#2884,.T.);
#3076=ADVANCED_FACE('',(#376),#143,.T.);
#3077=ADVANCED_FACE('',(#377),#2885,.T.);
#3078=ADVANCED_FACE('',(#378),#144,.T.);
#3079=ADVANCED_FACE('',(#379),#2886,.T.);
#3080=ADVANCED_FACE('',(#380),#145,.T.);
#3081=ADVANCED_FACE('',(#381),#2887,.T.);
#3082=ADVANCED_FACE('',(#382),#146,.T.);
#3083=ADVANCED_FACE('',(#383),#2888,.T.);
#3084=ADVANCED_FACE('',(#384),#147,.T.);
#3085=ADVANCED_FACE('',(#385),#2889,.T.);
#3086=ADVANCED_FACE('',(#386),#148,.T.);
#3087=ADVANCED_FACE('',(#387),#2890,.T.);
#3088=ADVANCED_FACE('',(#388),#149,.T.);
#3089=ADVANCED_FACE('',(#389),#150,.T.);
#3090=ADVANCED_FACE('',(#390),#151,.T.);
#3091=ADVANCED_FACE('',(#391),#152,.T.);
#3092=ADVANCED_FACE('',(#392),#153,.T.);
#3093=ADVANCED_FACE('',(#393),#154,.T.);
#3094=ADVANCED_FACE('',(#394),#155,.T.);
#3095=ADVANCED_FACE('',(#395,#19),#156,.T.);
#3096=ADVANCED_FACE('',(#396,#20,#21,#22,#23,#24,#25,#26,#27,#28,#29,#30,
#31,#32,#33,#34,#35,#36,#37,#38,#39,#40,#41,#42,#43,#44,#45,#46,#47,#48,
#49,#50,#51,#52,#53,#54,#55,#56,#57,#58,#59,#60,#61,#62,#63,#64,#65,#66,
#67,#68,#69,#70,#71,#72,#73,#74,#75,#76,#77,#78,#79,#80,#81,#82),#157,.T.);
#3097=ADVANCED_FACE('',(#397),#158,.F.);
#3098=CLOSED_SHELL('',(#2891,#2892,#2893,#2894,#2895,#2896,#2897,#2898,
#2899,#2900,#2901,#2902,#2903,#2904,#2905,#2906,#2907,#2908,#2909,#2910,
#2911,#2912,#2913,#2914,#2915,#2916,#2917,#2918,#2919,#2920,#2921,#2922,
#2923,#2924,#2925,#2926,#2927,#2928,#2929,#2930,#2931,#2932,#2933,#2934,
#2935,#2936,#2937,#2938,#2939,#2940,#2941,#2942,#2943,#2944,#2945,#2946,
#2947,#2948,#2949,#2950,#2951,#2952,#2953,#2954,#2955,#2956,#2957,#2958,
#2959,#2960,#2961,#2962,#2963,#2964,#2965,#2966,#2967,#2968,#2969,#2970,
#2971,#2972,#2973,#2974,#2975,#2976,#2977,#2978,#2979,#2980,#2981,#2982,
#2983,#2984,#2985,#2986,#2987,#2988,#2989,#2990,#2991,#2992,#2993,#2994,
#2995,#2996,#2997,#2998,#2999,#3000,#3001,#3002,#3003,#3004,#3005,#3006,
#3007,#3008,#3009,#3010,#3011,#3012,#3013,#3014,#3015,#3016,#3017,#3018,
#3019,#3020,#3021,#3022,#3023,#3024,#3025,#3026,#3027,#3028,#3029,#3030,
#3031,#3032,#3033,#3034,#3035,#3036,#3037,#3038,#3039,#3040,#3041,#3042,
#3043,#3044,#3045,#3046,#3047,#3048,#3049,#3050,#3051,#3052,#3053,#3054,
#3055,#3056,#3057,#3058,#3059,#3060,#3061,#3062,#3063,#3064,#3065,#3066,
#3067,#3068,#3069,#3070,#3071,#3072,#3073,#3074,#3075,#3076,#3077,#3078,
#3079,#3080,#3081,#3082,#3083,#3084,#3085,#3086,#3087,#3088,#3089,#3090,
#3091,#3092,#3093,#3094,#3095,#3096,#3097));
#3099=DERIVED_UNIT_ELEMENT(#3101,1.);
#3100=DERIVED_UNIT_ELEMENT(#5632,-3.);
#3101=(
MASS_UNIT()
NAMED_UNIT(*)
SI_UNIT(.KILO.,.GRAM.)
);
#3102=DERIVED_UNIT((#3099,#3100));
#3103=MEASURE_REPRESENTATION_ITEM('density measure',
POSITIVE_RATIO_MEASURE(7850.),#3102);
#3104=PROPERTY_DEFINITION_REPRESENTATION(#3109,#3106);
#3105=PROPERTY_DEFINITION_REPRESENTATION(#3110,#3107);
#3106=REPRESENTATION('material name',(#3108),#5629);
#3107=REPRESENTATION('density',(#3103),#5629);
#3108=DESCRIPTIVE_REPRESENTATION_ITEM('Steel','Steel');
#3109=PROPERTY_DEFINITION('material property','material name',#5639);
#3110=PROPERTY_DEFINITION('material property','density of part',#5639);
#3111=AXIS2_PLACEMENT_3D('',#4714,#3597,#3598);
#3112=AXIS2_PLACEMENT_3D('',#4715,#3599,#3600);
#3113=AXIS2_PLACEMENT_3D('',#4720,#3602,#3603);
#3114=AXIS2_PLACEMENT_3D('',#4723,#3605,#3606);
#3115=AXIS2_PLACEMENT_3D('',#4724,#3607,#3608);
#3116=AXIS2_PLACEMENT_3D('',#4726,#3609,#3610);
#3117=AXIS2_PLACEMENT_3D('',#4728,#3611,#3612);
#3118=AXIS2_PLACEMENT_3D('',#4729,#3613,#3614);
#3119=AXIS2_PLACEMENT_3D('',#4730,#3615,#3616);
#3120=AXIS2_PLACEMENT_3D('',#4734,#3618,#3619);
#3121=AXIS2_PLACEMENT_3D('',#4736,#3621,#3622);
#3122=AXIS2_PLACEMENT_3D('',#4738,#3623,#3624);
#3123=AXIS2_PLACEMENT_3D('',#4740,#3625,#3626);
#3124=AXIS2_PLACEMENT_3D('',#4741,#3627,#3628);
#3125=AXIS2_PLACEMENT_3D('',#4742,#3629,#3630);
#3126=AXIS2_PLACEMENT_3D('',#4746,#3632,#3633);
#3127=AXIS2_PLACEMENT_3D('',#4748,#3635,#3636);
#3128=AXIS2_PLACEMENT_3D('',#4750,#3637,#3638);
#3129=AXIS2_PLACEMENT_3D('',#4752,#3639,#3640);
#3130=AXIS2_PLACEMENT_3D('',#4753,#3641,#3642);
#3131=AXIS2_PLACEMENT_3D('',#4754,#3643,#3644);
#3132=AXIS2_PLACEMENT_3D('',#4758,#3646,#3647);
#3133=AXIS2_PLACEMENT_3D('',#4760,#3649,#3650);
#3134=AXIS2_PLACEMENT_3D('',#4762,#3651,#3652);
#3135=AXIS2_PLACEMENT_3D('',#4764,#3653,#3654);
#3136=AXIS2_PLACEMENT_3D('',#4765,#3655,#3656);
#3137=AXIS2_PLACEMENT_3D('',#4766,#3657,#3658);
#3138=AXIS2_PLACEMENT_3D('',#4770,#3660,#3661);
#3139=AXIS2_PLACEMENT_3D('',#4772,#3663,#3664);
#3140=AXIS2_PLACEMENT_3D('',#4774,#3665,#3666);
#3141=AXIS2_PLACEMENT_3D('',#4776,#3667,#3668);
#3142=AXIS2_PLACEMENT_3D('',#4777,#3669,#3670);
#3143=AXIS2_PLACEMENT_3D('',#4778,#3671,#3672);
#3144=AXIS2_PLACEMENT_3D('',#4782,#3674,#3675);
#3145=AXIS2_PLACEMENT_3D('',#4784,#3677,#3678);
#3146=AXIS2_PLACEMENT_3D('',#4786,#3679,#3680);
#3147=AXIS2_PLACEMENT_3D('',#4788,#3681,#3682);
#3148=AXIS2_PLACEMENT_3D('',#4789,#3683,#3684);
#3149=AXIS2_PLACEMENT_3D('',#4790,#3685,#3686);
#3150=AXIS2_PLACEMENT_3D('',#4794,#3688,#3689);
#3151=AXIS2_PLACEMENT_3D('',#4796,#3691,#3692);
#3152=AXIS2_PLACEMENT_3D('',#4798,#3693,#3694);
#3153=AXIS2_PLACEMENT_3D('',#4800,#3695,#3696);
#3154=AXIS2_PLACEMENT_3D('',#4801,#3697,#3698);
#3155=AXIS2_PLACEMENT_3D('',#4802,#3699,#3700);
#3156=AXIS2_PLACEMENT_3D('',#4806,#3702,#3703);
#3157=AXIS2_PLACEMENT_3D('',#4808,#3705,#3706);
#3158=AXIS2_PLACEMENT_3D('',#4810,#3707,#3708);
#3159=AXIS2_PLACEMENT_3D('',#4812,#3709,#3710);
#3160=AXIS2_PLACEMENT_3D('',#4813,#3711,#3712);
#3161=AXIS2_PLACEMENT_3D('',#4814,#3713,#3714);
#3162=AXIS2_PLACEMENT_3D('',#4818,#3716,#3717);
#3163=AXIS2_PLACEMENT_3D('',#4820,#3719,#3720);
#3164=AXIS2_PLACEMENT_3D('',#4823,#3721,#3722);
#3165=AXIS2_PLACEMENT_3D('',#4826,#3724,#3725);
#3166=AXIS2_PLACEMENT_3D('',#4827,#3726,#3727);
#3167=AXIS2_PLACEMENT_3D('',#4828,#3728,#3729);
#3168=AXIS2_PLACEMENT_3D('',#4831,#3730,#3731);
#3169=AXIS2_PLACEMENT_3D('',#4832,#3732,#3733);
#3170=AXIS2_PLACEMENT_3D('',#4833,#3734,#3735);
#3171=AXIS2_PLACEMENT_3D('',#4834,#3736,#3737);
#3172=AXIS2_PLACEMENT_3D('',#4837,#3738,#3739);
#3173=AXIS2_PLACEMENT_3D('',#4839,#3741,#3742);
#3174=AXIS2_PLACEMENT_3D('',#4840,#3743,#3744);
#3175=AXIS2_PLACEMENT_3D('',#4843,#3745,#3746);
#3176=AXIS2_PLACEMENT_3D('',#4844,#3747,#3748);
#3177=AXIS2_PLACEMENT_3D('',#4845,#3749,#3750);
#3178=AXIS2_PLACEMENT_3D('',#4846,#3751,#3752);
#3179=AXIS2_PLACEMENT_3D('',#4849,#3753,#3754);
#3180=AXIS2_PLACEMENT_3D('',#4851,#3756,#3757);
#3181=AXIS2_PLACEMENT_3D('',#4852,#3758,#3759);
#3182=AXIS2_PLACEMENT_3D('',#4855,#3760,#3761);
#3183=AXIS2_PLACEMENT_3D('',#4856,#3762,#3763);
#3184=AXIS2_PLACEMENT_3D('',#4857,#3764,#3765);
#3185=AXIS2_PLACEMENT_3D('',#4858,#3766,#3767);
#3186=AXIS2_PLACEMENT_3D('',#4861,#3768,#3769);
#3187=AXIS2_PLACEMENT_3D('',#4863,#3771,#3772);
#3188=AXIS2_PLACEMENT_3D('',#4864,#3773,#3774);
#3189=AXIS2_PLACEMENT_3D('',#4867,#3775,#3776);
#3190=AXIS2_PLACEMENT_3D('',#4868,#3777,#3778);
#3191=AXIS2_PLACEMENT_3D('',#4869,#3779,#3780);
#3192=AXIS2_PLACEMENT_3D('',#4870,#3781,#3782);
#3193=AXIS2_PLACEMENT_3D('',#4873,#3783,#3784);
#3194=AXIS2_PLACEMENT_3D('',#4875,#3786,#3787);
#3195=AXIS2_PLACEMENT_3D('',#4876,#3788,#3789);
#3196=AXIS2_PLACEMENT_3D('',#4879,#3790,#3791);
#3197=AXIS2_PLACEMENT_3D('',#4880,#3792,#3793);
#3198=AXIS2_PLACEMENT_3D('',#4881,#3794,#3795);
#3199=AXIS2_PLACEMENT_3D('',#4882,#3796,#3797);
#3200=AXIS2_PLACEMENT_3D('',#4885,#3798,#3799);
#3201=AXIS2_PLACEMENT_3D('',#4887,#3801,#3802);
#3202=AXIS2_PLACEMENT_3D('',#4888,#3803,#3804);
#3203=AXIS2_PLACEMENT_3D('',#4891,#3805,#3806);
#3204=AXIS2_PLACEMENT_3D('',#4892,#3807,#3808);
#3205=AXIS2_PLACEMENT_3D('',#4893,#3809,#3810);
#3206=AXIS2_PLACEMENT_3D('',#4894,#3811,#3812);
#3207=AXIS2_PLACEMENT_3D('',#4897,#3813,#3814);
#3208=AXIS2_PLACEMENT_3D('',#4899,#3816,#3817);
#3209=AXIS2_PLACEMENT_3D('',#4900,#3818,#3819);
#3210=AXIS2_PLACEMENT_3D('',#4903,#3820,#3821);
#3211=AXIS2_PLACEMENT_3D('',#4904,#3822,#3823);
#3212=AXIS2_PLACEMENT_3D('',#4905,#3824,#3825);
#3213=AXIS2_PLACEMENT_3D('',#4906,#3826,#3827);
#3214=AXIS2_PLACEMENT_3D('',#4909,#3828,#3829);
#3215=AXIS2_PLACEMENT_3D('',#4911,#3831,#3832);
#3216=AXIS2_PLACEMENT_3D('',#4912,#3833,#3834);
#3217=AXIS2_PLACEMENT_3D('',#4915,#3835,#3836);
#3218=AXIS2_PLACEMENT_3D('',#4916,#3837,#3838);
#3219=AXIS2_PLACEMENT_3D('',#4917,#3839,#3840);
#3220=AXIS2_PLACEMENT_3D('',#4918,#3841,#3842);
#3221=AXIS2_PLACEMENT_3D('',#4920,#3843,#3844);
#3222=AXIS2_PLACEMENT_3D('',#4922,#3846,#3847);
#3223=AXIS2_PLACEMENT_3D('',#4930,#3851,#3852);
#3224=AXIS2_PLACEMENT_3D('',#4937,#3856,#3857);
#3225=AXIS2_PLACEMENT_3D('',#4938,#3858,#3859);
#3226=AXIS2_PLACEMENT_3D('',#4942,#3862,#3863);
#3227=AXIS2_PLACEMENT_3D('',#4947,#3865,#3866);
#3228=AXIS2_PLACEMENT_3D('',#4950,#3868,#3869);
#3229=AXIS2_PLACEMENT_3D('',#4951,#3870,#3871);
#3230=AXIS2_PLACEMENT_3D('',#4953,#3872,#3873);
#3231=AXIS2_PLACEMENT_3D('',#4955,#3874,#3875);
#3232=AXIS2_PLACEMENT_3D('',#4956,#3876,#3877);
#3233=AXIS2_PLACEMENT_3D('',#4957,#3878,#3879);
#3234=AXIS2_PLACEMENT_3D('',#4961,#3881,#3882);
#3235=AXIS2_PLACEMENT_3D('',#4963,#3884,#3885);
#3236=AXIS2_PLACEMENT_3D('',#4965,#3886,#3887);
#3237=AXIS2_PLACEMENT_3D('',#4967,#3888,#3889);
#3238=AXIS2_PLACEMENT_3D('',#4968,#3890,#3891);
#3239=AXIS2_PLACEMENT_3D('',#4969,#3892,#3893);
#3240=AXIS2_PLACEMENT_3D('',#4973,#3895,#3896);
#3241=AXIS2_PLACEMENT_3D('',#4975,#3898,#3899);
#3242=AXIS2_PLACEMENT_3D('',#4977,#3900,#3901);
#3243=AXIS2_PLACEMENT_3D('',#4979,#3902,#3903);
#3244=AXIS2_PLACEMENT_3D('',#4980,#3904,#3905);
#3245=AXIS2_PLACEMENT_3D('',#4981,#3906,#3907);
#3246=AXIS2_PLACEMENT_3D('',#4985,#3909,#3910);
#3247=AXIS2_PLACEMENT_3D('',#4987,#3912,#3913);
#3248=AXIS2_PLACEMENT_3D('',#4989,#3914,#3915);
#3249=AXIS2_PLACEMENT_3D('',#4991,#3916,#3917);
#3250=AXIS2_PLACEMENT_3D('',#4992,#3918,#3919);
#3251=AXIS2_PLACEMENT_3D('',#4993,#3920,#3921);
#3252=AXIS2_PLACEMENT_3D('',#4997,#3923,#3924);
#3253=AXIS2_PLACEMENT_3D('',#4999,#3926,#3927);
#3254=AXIS2_PLACEMENT_3D('',#5001,#3928,#3929);
#3255=AXIS2_PLACEMENT_3D('',#5003,#3930,#3931);
#3256=AXIS2_PLACEMENT_3D('',#5004,#3932,#3933);
#3257=AXIS2_PLACEMENT_3D('',#5005,#3934,#3935);
#3258=AXIS2_PLACEMENT_3D('',#5009,#3937,#3938);
#3259=AXIS2_PLACEMENT_3D('',#5011,#3940,#3941);
#3260=AXIS2_PLACEMENT_3D('',#5013,#3942,#3943);
#3261=AXIS2_PLACEMENT_3D('',#5015,#3944,#3945);
#3262=AXIS2_PLACEMENT_3D('',#5016,#3946,#3947);
#3263=AXIS2_PLACEMENT_3D('',#5017,#3948,#3949);
#3264=AXIS2_PLACEMENT_3D('',#5021,#3951,#3952);
#3265=AXIS2_PLACEMENT_3D('',#5023,#3954,#3955);
#3266=AXIS2_PLACEMENT_3D('',#5025,#3956,#3957);
#3267=AXIS2_PLACEMENT_3D('',#5027,#3958,#3959);
#3268=AXIS2_PLACEMENT_3D('',#5028,#3960,#3961);
#3269=AXIS2_PLACEMENT_3D('',#5029,#3962,#3963);
#3270=AXIS2_PLACEMENT_3D('',#5033,#3965,#3966);
#3271=AXIS2_PLACEMENT_3D('',#5035,#3968,#3969);
#3272=AXIS2_PLACEMENT_3D('',#5037,#3970,#3971);
#3273=AXIS2_PLACEMENT_3D('',#5039,#3972,#3973);
#3274=AXIS2_PLACEMENT_3D('',#5040,#3974,#3975);
#3275=AXIS2_PLACEMENT_3D('',#5041,#3976,#3977);
#3276=AXIS2_PLACEMENT_3D('',#5044,#3980,#3981);
#3277=AXIS2_PLACEMENT_3D('',#5047,#3982,#3983);
#3278=AXIS2_PLACEMENT_3D('',#5049,#3985,#3986);
#3279=AXIS2_PLACEMENT_3D('',#5050,#3987,#3988);
#3280=AXIS2_PLACEMENT_3D('',#5053,#3989,#3990);
#3281=AXIS2_PLACEMENT_3D('',#5054,#3991,#3992);
#3282=AXIS2_PLACEMENT_3D('',#5055,#3993,#3994);
#3283=AXIS2_PLACEMENT_3D('',#5056,#3995,#3996);
#3284=AXIS2_PLACEMENT_3D('',#5059,#3997,#3998);
#3285=AXIS2_PLACEMENT_3D('',#5061,#4000,#4001);
#3286=AXIS2_PLACEMENT_3D('',#5062,#4002,#4003);
#3287=AXIS2_PLACEMENT_3D('',#5065,#4004,#4005);
#3288=AXIS2_PLACEMENT_3D('',#5066,#4006,#4007);
#3289=AXIS2_PLACEMENT_3D('',#5067,#4008,#4009);
#3290=AXIS2_PLACEMENT_3D('',#5068,#4010,#4011);
#3291=AXIS2_PLACEMENT_3D('',#5071,#4012,#4013);
#3292=AXIS2_PLACEMENT_3D('',#5073,#4015,#4016);
#3293=AXIS2_PLACEMENT_3D('',#5074,#4017,#4018);
#3294=AXIS2_PLACEMENT_3D('',#5077,#4019,#4020);
#3295=AXIS2_PLACEMENT_3D('',#5078,#4021,#4022);
#3296=AXIS2_PLACEMENT_3D('',#5079,#4023,#4024);
#3297=AXIS2_PLACEMENT_3D('',#5080,#4025,#4026);
#3298=AXIS2_PLACEMENT_3D('',#5083,#4027,#4028);
#3299=AXIS2_PLACEMENT_3D('',#5085,#4030,#4031);
#3300=AXIS2_PLACEMENT_3D('',#5086,#4032,#4033);
#3301=AXIS2_PLACEMENT_3D('',#5089,#4034,#4035);
#3302=AXIS2_PLACEMENT_3D('',#5090,#4036,#4037);
#3303=AXIS2_PLACEMENT_3D('',#5091,#4038,#4039);
#3304=AXIS2_PLACEMENT_3D('',#5092,#4040,#4041);
#3305=AXIS2_PLACEMENT_3D('',#5095,#4042,#4043);
#3306=AXIS2_PLACEMENT_3D('',#5097,#4045,#4046);
#3307=AXIS2_PLACEMENT_3D('',#5098,#4047,#4048);
#3308=AXIS2_PLACEMENT_3D('',#5101,#4049,#4050);
#3309=AXIS2_PLACEMENT_3D('',#5102,#4051,#4052);
#3310=AXIS2_PLACEMENT_3D('',#5103,#4053,#4054);
#3311=AXIS2_PLACEMENT_3D('',#5104,#4055,#4056);
#3312=AXIS2_PLACEMENT_3D('',#5107,#4057,#4058);
#3313=AXIS2_PLACEMENT_3D('',#5109,#4060,#4061);
#3314=AXIS2_PLACEMENT_3D('',#5110,#4062,#4063);
#3315=AXIS2_PLACEMENT_3D('',#5113,#4064,#4065);
#3316=AXIS2_PLACEMENT_3D('',#5114,#4066,#4067);
#3317=AXIS2_PLACEMENT_3D('',#5115,#4068,#4069);
#3318=AXIS2_PLACEMENT_3D('',#5116,#4070,#4071);
#3319=AXIS2_PLACEMENT_3D('',#5119,#4072,#4073);
#3320=AXIS2_PLACEMENT_3D('',#5121,#4075,#4076);
#3321=AXIS2_PLACEMENT_3D('',#5122,#4077,#4078);
#3322=AXIS2_PLACEMENT_3D('',#5125,#4079,#4080);
#3323=AXIS2_PLACEMENT_3D('',#5126,#4081,#4082);
#3324=AXIS2_PLACEMENT_3D('',#5127,#4083,#4084);
#3325=AXIS2_PLACEMENT_3D('',#5128,#4085,#4086);
#3326=AXIS2_PLACEMENT_3D('',#5131,#4087,#4088);
#3327=AXIS2_PLACEMENT_3D('',#5133,#4090,#4091);
#3328=AXIS2_PLACEMENT_3D('',#5134,#4092,#4093);
#3329=AXIS2_PLACEMENT_3D('',#5137,#4094,#4095);
#3330=AXIS2_PLACEMENT_3D('',#5138,#4096,#4097);
#3331=AXIS2_PLACEMENT_3D('',#5139,#4098,#4099);
#3332=AXIS2_PLACEMENT_3D('',#5140,#4100,#4101);
#3333=AXIS2_PLACEMENT_3D('',#5142,#4102,#4103);
#3334=AXIS2_PLACEMENT_3D('',#5144,#4105,#4106);
#3335=AXIS2_PLACEMENT_3D('',#5153,#4112,#4113);
#3336=AXIS2_PLACEMENT_3D('',#5155,#4115,#4116);
#3337=AXIS2_PLACEMENT_3D('',#5157,#4117,#4118);
#3338=AXIS2_PLACEMENT_3D('',#5160,#4120,#4121);
#3339=AXIS2_PLACEMENT_3D('',#5161,#4122,#4123);
#3340=AXIS2_PLACEMENT_3D('',#5162,#4124,#4125);
#3341=AXIS2_PLACEMENT_3D('',#5164,#4126,#4127);
#3342=AXIS2_PLACEMENT_3D('',#5167,#4129,#4130);
#3343=AXIS2_PLACEMENT_3D('',#5168,#4131,#4132);
#3344=AXIS2_PLACEMENT_3D('',#5169,#4133,#4134);
#3345=AXIS2_PLACEMENT_3D('',#5171,#4135,#4136);
#3346=AXIS2_PLACEMENT_3D('',#5174,#4138,#4139);
#3347=AXIS2_PLACEMENT_3D('',#5175,#4140,#4141);
#3348=AXIS2_PLACEMENT_3D('',#5176,#4142,#4143);
#3349=AXIS2_PLACEMENT_3D('',#5178,#4144,#4145);
#3350=AXIS2_PLACEMENT_3D('',#5181,#4147,#4148);
#3351=AXIS2_PLACEMENT_3D('',#5182,#4149,#4150);
#3352=AXIS2_PLACEMENT_3D('',#5183,#4151,#4152);
#3353=AXIS2_PLACEMENT_3D('',#5185,#4153,#4154);
#3354=AXIS2_PLACEMENT_3D('',#5188,#4156,#4157);
#3355=AXIS2_PLACEMENT_3D('',#5189,#4158,#4159);
#3356=AXIS2_PLACEMENT_3D('',#5190,#4160,#4161);
#3357=AXIS2_PLACEMENT_3D('',#5192,#4162,#4163);
#3358=AXIS2_PLACEMENT_3D('',#5195,#4165,#4166);
#3359=AXIS2_PLACEMENT_3D('',#5196,#4167,#4168);
#3360=AXIS2_PLACEMENT_3D('',#5197,#4169,#4170);
#3361=AXIS2_PLACEMENT_3D('',#5199,#4171,#4172);
#3362=AXIS2_PLACEMENT_3D('',#5202,#4174,#4175);
#3363=AXIS2_PLACEMENT_3D('',#5203,#4176,#4177);
#3364=AXIS2_PLACEMENT_3D('',#5204,#4178,#4179);
#3365=AXIS2_PLACEMENT_3D('',#5206,#4180,#4181);
#3366=AXIS2_PLACEMENT_3D('',#5209,#4183,#4184);
#3367=AXIS2_PLACEMENT_3D('',#5210,#4185,#4186);
#3368=AXIS2_PLACEMENT_3D('',#5211,#4187,#4188);
#3369=AXIS2_PLACEMENT_3D('',#5213,#4189,#4190);
#3370=AXIS2_PLACEMENT_3D('',#5216,#4192,#4193);
#3371=AXIS2_PLACEMENT_3D('',#5217,#4194,#4195);
#3372=AXIS2_PLACEMENT_3D('',#5218,#4196,#4197);
#3373=AXIS2_PLACEMENT_3D('',#5220,#4198,#4199);
#3374=AXIS2_PLACEMENT_3D('',#5223,#4201,#4202);
#3375=AXIS2_PLACEMENT_3D('',#5224,#4203,#4204);
#3376=AXIS2_PLACEMENT_3D('',#5225,#4205,#4206);
#3377=AXIS2_PLACEMENT_3D('',#5227,#4207,#4208);
#3378=AXIS2_PLACEMENT_3D('',#5230,#4210,#4211);
#3379=AXIS2_PLACEMENT_3D('',#5231,#4212,#4213);
#3380=AXIS2_PLACEMENT_3D('',#5232,#4214,#4215);
#3381=AXIS2_PLACEMENT_3D('',#5234,#4216,#4217);
#3382=AXIS2_PLACEMENT_3D('',#5237,#4219,#4220);
#3383=AXIS2_PLACEMENT_3D('',#5238,#4221,#4222);
#3384=AXIS2_PLACEMENT_3D('',#5239,#4223,#4224);
#3385=AXIS2_PLACEMENT_3D('',#5241,#4225,#4226);
#3386=AXIS2_PLACEMENT_3D('',#5244,#4228,#4229);
#3387=AXIS2_PLACEMENT_3D('',#5245,#4230,#4231);
#3388=AXIS2_PLACEMENT_3D('',#5246,#4232,#4233);
#3389=AXIS2_PLACEMENT_3D('',#5248,#4234,#4235);
#3390=AXIS2_PLACEMENT_3D('',#5251,#4237,#4238);
#3391=AXIS2_PLACEMENT_3D('',#5252,#4239,#4240);
#3392=AXIS2_PLACEMENT_3D('',#5253,#4241,#4242);
#3393=AXIS2_PLACEMENT_3D('',#5255,#4243,#4244);
#3394=AXIS2_PLACEMENT_3D('',#5258,#4246,#4247);
#3395=AXIS2_PLACEMENT_3D('',#5259,#4248,#4249);
#3396=AXIS2_PLACEMENT_3D('',#5260,#4250,#4251);
#3397=AXIS2_PLACEMENT_3D('',#5262,#4252,#4253);
#3398=AXIS2_PLACEMENT_3D('',#5265,#4255,#4256);
#3399=AXIS2_PLACEMENT_3D('',#5266,#4257,#4258);
#3400=AXIS2_PLACEMENT_3D('',#5267,#4259,#4260);
#3401=AXIS2_PLACEMENT_3D('',#5269,#4261,#4262);
#3402=AXIS2_PLACEMENT_3D('',#5272,#4264,#4265);
#3403=AXIS2_PLACEMENT_3D('',#5273,#4266,#4267);
#3404=AXIS2_PLACEMENT_3D('',#5274,#4268,#4269);
#3405=AXIS2_PLACEMENT_3D('',#5276,#4270,#4271);
#3406=AXIS2_PLACEMENT_3D('',#5279,#4273,#4274);
#3407=AXIS2_PLACEMENT_3D('',#5280,#4275,#4276);
#3408=AXIS2_PLACEMENT_3D('',#5281,#4277,#4278);
#3409=AXIS2_PLACEMENT_3D('',#5283,#4279,#4280);
#3410=AXIS2_PLACEMENT_3D('',#5286,#4282,#4283);
#3411=AXIS2_PLACEMENT_3D('',#5287,#4284,#4285);
#3412=AXIS2_PLACEMENT_3D('',#5288,#4286,#4287);
#3413=AXIS2_PLACEMENT_3D('',#5290,#4288,#4289);
#3414=AXIS2_PLACEMENT_3D('',#5293,#4291,#4292);
#3415=AXIS2_PLACEMENT_3D('',#5294,#4293,#4294);
#3416=AXIS2_PLACEMENT_3D('',#5295,#4295,#4296);
#3417=AXIS2_PLACEMENT_3D('',#5297,#4297,#4298);
#3418=AXIS2_PLACEMENT_3D('',#5300,#4300,#4301);
#3419=AXIS2_PLACEMENT_3D('',#5301,#4302,#4303);
#3420=AXIS2_PLACEMENT_3D('',#5302,#4304,#4305);
#3421=AXIS2_PLACEMENT_3D('',#5304,#4306,#4307);
#3422=AXIS2_PLACEMENT_3D('',#5307,#4309,#4310);
#3423=AXIS2_PLACEMENT_3D('',#5308,#4311,#4312);
#3424=AXIS2_PLACEMENT_3D('',#5309,#4313,#4314);
#3425=AXIS2_PLACEMENT_3D('',#5311,#4315,#4316);
#3426=AXIS2_PLACEMENT_3D('',#5314,#4318,#4319);
#3427=AXIS2_PLACEMENT_3D('',#5315,#4320,#4321);
#3428=AXIS2_PLACEMENT_3D('',#5316,#4322,#4323);
#3429=AXIS2_PLACEMENT_3D('',#5318,#4324,#4325);
#3430=AXIS2_PLACEMENT_3D('',#5321,#4327,#4328);
#3431=AXIS2_PLACEMENT_3D('',#5322,#4329,#4330);
#3432=AXIS2_PLACEMENT_3D('',#5323,#4331,#4332);
#3433=AXIS2_PLACEMENT_3D('',#5325,#4333,#4334);
#3434=AXIS2_PLACEMENT_3D('',#5328,#4336,#4337);
#3435=AXIS2_PLACEMENT_3D('',#5329,#4338,#4339);
#3436=AXIS2_PLACEMENT_3D('',#5330,#4340,#4341);
#3437=AXIS2_PLACEMENT_3D('',#5332,#4342,#4343);
#3438=AXIS2_PLACEMENT_3D('',#5335,#4345,#4346);
#3439=AXIS2_PLACEMENT_3D('',#5336,#4347,#4348);
#3440=AXIS2_PLACEMENT_3D('',#5337,#4349,#4350);
#3441=AXIS2_PLACEMENT_3D('',#5339,#4351,#4352);
#3442=AXIS2_PLACEMENT_3D('',#5342,#4354,#4355);
#3443=AXIS2_PLACEMENT_3D('',#5343,#4356,#4357);
#3444=AXIS2_PLACEMENT_3D('',#5344,#4358,#4359);
#3445=AXIS2_PLACEMENT_3D('',#5346,#4360,#4361);
#3446=AXIS2_PLACEMENT_3D('',#5349,#4363,#4364);
#3447=AXIS2_PLACEMENT_3D('',#5350,#4365,#4366);
#3448=AXIS2_PLACEMENT_3D('',#5351,#4367,#4368);
#3449=AXIS2_PLACEMENT_3D('',#5353,#4369,#4370);
#3450=AXIS2_PLACEMENT_3D('',#5356,#4372,#4373);
#3451=AXIS2_PLACEMENT_3D('',#5357,#4374,#4375);
#3452=AXIS2_PLACEMENT_3D('',#5358,#4376,#4377);
#3453=AXIS2_PLACEMENT_3D('',#5360,#4378,#4379);
#3454=AXIS2_PLACEMENT_3D('',#5363,#4381,#4382);
#3455=AXIS2_PLACEMENT_3D('',#5364,#4383,#4384);
#3456=AXIS2_PLACEMENT_3D('',#5365,#4385,#4386);
#3457=AXIS2_PLACEMENT_3D('',#5367,#4387,#4388);
#3458=AXIS2_PLACEMENT_3D('',#5370,#4390,#4391);
#3459=AXIS2_PLACEMENT_3D('',#5371,#4392,#4393);
#3460=AXIS2_PLACEMENT_3D('',#5372,#4394,#4395);
#3461=AXIS2_PLACEMENT_3D('',#5374,#4396,#4397);
#3462=AXIS2_PLACEMENT_3D('',#5377,#4399,#4400);
#3463=AXIS2_PLACEMENT_3D('',#5378,#4401,#4402);
#3464=AXIS2_PLACEMENT_3D('',#5379,#4403,#4404);
#3465=AXIS2_PLACEMENT_3D('',#5381,#4405,#4406);
#3466=AXIS2_PLACEMENT_3D('',#5384,#4408,#4409);
#3467=AXIS2_PLACEMENT_3D('',#5385,#4410,#4411);
#3468=AXIS2_PLACEMENT_3D('',#5386,#4412,#4413);
#3469=AXIS2_PLACEMENT_3D('',#5388,#4414,#4415);
#3470=AXIS2_PLACEMENT_3D('',#5391,#4417,#4418);
#3471=AXIS2_PLACEMENT_3D('',#5392,#4419,#4420);
#3472=AXIS2_PLACEMENT_3D('',#5393,#4421,#4422);
#3473=AXIS2_PLACEMENT_3D('',#5395,#4423,#4424);
#3474=AXIS2_PLACEMENT_3D('',#5398,#4426,#4427);
#3475=AXIS2_PLACEMENT_3D('',#5399,#4428,#4429);
#3476=AXIS2_PLACEMENT_3D('',#5400,#4430,#4431);
#3477=AXIS2_PLACEMENT_3D('',#5402,#4432,#4433);
#3478=AXIS2_PLACEMENT_3D('',#5405,#4435,#4436);
#3479=AXIS2_PLACEMENT_3D('',#5406,#4437,#4438);
#3480=AXIS2_PLACEMENT_3D('',#5407,#4439,#4440);
#3481=AXIS2_PLACEMENT_3D('',#5409,#4441,#4442);
#3482=AXIS2_PLACEMENT_3D('',#5412,#4444,#4445);
#3483=AXIS2_PLACEMENT_3D('',#5413,#4446,#4447);
#3484=AXIS2_PLACEMENT_3D('',#5414,#4448,#4449);
#3485=AXIS2_PLACEMENT_3D('',#5416,#4450,#4451);
#3486=AXIS2_PLACEMENT_3D('',#5419,#4453,#4454);
#3487=AXIS2_PLACEMENT_3D('',#5420,#4455,#4456);
#3488=AXIS2_PLACEMENT_3D('',#5421,#4457,#4458);
#3489=AXIS2_PLACEMENT_3D('',#5423,#4459,#4460);
#3490=AXIS2_PLACEMENT_3D('',#5426,#4462,#4463);
#3491=AXIS2_PLACEMENT_3D('',#5427,#4464,#4465);
#3492=AXIS2_PLACEMENT_3D('',#5428,#4466,#4467);
#3493=AXIS2_PLACEMENT_3D('',#5430,#4468,#4469);
#3494=AXIS2_PLACEMENT_3D('',#5433,#4471,#4472);
#3495=AXIS2_PLACEMENT_3D('',#5434,#4473,#4474);
#3496=AXIS2_PLACEMENT_3D('',#5435,#4475,#4476);
#3497=AXIS2_PLACEMENT_3D('',#5437,#4477,#4478);
#3498=AXIS2_PLACEMENT_3D('',#5440,#4480,#4481);
#3499=AXIS2_PLACEMENT_3D('',#5441,#4482,#4483);
#3500=AXIS2_PLACEMENT_3D('',#5442,#4484,#4485);
#3501=AXIS2_PLACEMENT_3D('',#5444,#4486,#4487);
#3502=AXIS2_PLACEMENT_3D('',#5447,#4489,#4490);
#3503=AXIS2_PLACEMENT_3D('',#5448,#4491,#4492);
#3504=AXIS2_PLACEMENT_3D('',#5449,#4493,#4494);
#3505=AXIS2_PLACEMENT_3D('',#5451,#4495,#4496);
#3506=AXIS2_PLACEMENT_3D('',#5454,#4498,#4499);
#3507=AXIS2_PLACEMENT_3D('',#5455,#4500,#4501);
#3508=AXIS2_PLACEMENT_3D('',#5456,#4502,#4503);
#3509=AXIS2_PLACEMENT_3D('',#5458,#4504,#4505);
#3510=AXIS2_PLACEMENT_3D('',#5461,#4507,#4508);
#3511=AXIS2_PLACEMENT_3D('',#5462,#4509,#4510);
#3512=AXIS2_PLACEMENT_3D('',#5463,#4511,#4512);
#3513=AXIS2_PLACEMENT_3D('',#5465,#4513,#4514);
#3514=AXIS2_PLACEMENT_3D('',#5468,#4516,#4517);
#3515=AXIS2_PLACEMENT_3D('',#5469,#4518,#4519);
#3516=AXIS2_PLACEMENT_3D('',#5470,#4520,#4521);
#3517=AXIS2_PLACEMENT_3D('',#5472,#4522,#4523);
#3518=AXIS2_PLACEMENT_3D('',#5475,#4525,#4526);
#3519=AXIS2_PLACEMENT_3D('',#5476,#4527,#4528);
#3520=AXIS2_PLACEMENT_3D('',#5477,#4529,#4530);
#3521=AXIS2_PLACEMENT_3D('',#5479,#4531,#4532);
#3522=AXIS2_PLACEMENT_3D('',#5482,#4534,#4535);
#3523=AXIS2_PLACEMENT_3D('',#5483,#4536,#4537);
#3524=AXIS2_PLACEMENT_3D('',#5484,#4538,#4539);
#3525=AXIS2_PLACEMENT_3D('',#5486,#4540,#4541);
#3526=AXIS2_PLACEMENT_3D('',#5489,#4543,#4544);
#3527=AXIS2_PLACEMENT_3D('',#5490,#4545,#4546);
#3528=AXIS2_PLACEMENT_3D('',#5491,#4547,#4548);
#3529=AXIS2_PLACEMENT_3D('',#5493,#4549,#4550);
#3530=AXIS2_PLACEMENT_3D('',#5496,#4552,#4553);
#3531=AXIS2_PLACEMENT_3D('',#5497,#4554,#4555);
#3532=AXIS2_PLACEMENT_3D('',#5498,#4556,#4557);
#3533=AXIS2_PLACEMENT_3D('',#5500,#4558,#4559);
#3534=AXIS2_PLACEMENT_3D('',#5503,#4561,#4562);
#3535=AXIS2_PLACEMENT_3D('',#5504,#4563,#4564);
#3536=AXIS2_PLACEMENT_3D('',#5505,#4565,#4566);
#3537=AXIS2_PLACEMENT_3D('',#5507,#4567,#4568);
#3538=AXIS2_PLACEMENT_3D('',#5510,#4570,#4571);
#3539=AXIS2_PLACEMENT_3D('',#5511,#4572,#4573);
#3540=AXIS2_PLACEMENT_3D('',#5512,#4574,#4575);
#3541=AXIS2_PLACEMENT_3D('',#5514,#4576,#4577);
#3542=AXIS2_PLACEMENT_3D('',#5517,#4579,#4580);
#3543=AXIS2_PLACEMENT_3D('',#5518,#4581,#4582);
#3544=AXIS2_PLACEMENT_3D('',#5519,#4583,#4584);
#3545=AXIS2_PLACEMENT_3D('',#5521,#4585,#4586);
#3546=AXIS2_PLACEMENT_3D('',#5524,#4588,#4589);
#3547=AXIS2_PLACEMENT_3D('',#5525,#4590,#4591);
#3548=AXIS2_PLACEMENT_3D('',#5526,#4592,#4593);
#3549=AXIS2_PLACEMENT_3D('',#5528,#4594,#4595);
#3550=AXIS2_PLACEMENT_3D('',#5531,#4597,#4598);
#3551=AXIS2_PLACEMENT_3D('',#5532,#4599,#4600);
#3552=AXIS2_PLACEMENT_3D('',#5533,#4601,#4602);
#3553=AXIS2_PLACEMENT_3D('',#5535,#4603,#4604);
#3554=AXIS2_PLACEMENT_3D('',#5538,#4606,#4607);
#3555=AXIS2_PLACEMENT_3D('',#5539,#4608,#4609);
#3556=AXIS2_PLACEMENT_3D('',#5540,#4610,#4611);
#3557=AXIS2_PLACEMENT_3D('',#5542,#4612,#4613);
#3558=AXIS2_PLACEMENT_3D('',#5545,#4615,#4616);
#3559=AXIS2_PLACEMENT_3D('',#5546,#4617,#4618);
#3560=AXIS2_PLACEMENT_3D('',#5547,#4619,#4620);
#3561=AXIS2_PLACEMENT_3D('',#5549,#4621,#4622);
#3562=AXIS2_PLACEMENT_3D('',#5552,#4624,#4625);
#3563=AXIS2_PLACEMENT_3D('',#5553,#4626,#4627);
#3564=AXIS2_PLACEMENT_3D('',#5554,#4628,#4629);
#3565=AXIS2_PLACEMENT_3D('',#5556,#4630,#4631);
#3566=AXIS2_PLACEMENT_3D('',#5559,#4633,#4634);
#3567=AXIS2_PLACEMENT_3D('',#5560,#4635,#4636);
#3568=AXIS2_PLACEMENT_3D('',#5561,#4637,#4638);
#3569=AXIS2_PLACEMENT_3D('',#5563,#4639,#4640);
#3570=AXIS2_PLACEMENT_3D('',#5566,#4642,#4643);
#3571=AXIS2_PLACEMENT_3D('',#5567,#4644,#4645);
#3572=AXIS2_PLACEMENT_3D('',#5568,#4646,#4647);
#3573=AXIS2_PLACEMENT_3D('',#5570,#4648,#4649);
#3574=AXIS2_PLACEMENT_3D('',#5573,#4651,#4652);
#3575=AXIS2_PLACEMENT_3D('',#5574,#4653,#4654);
#3576=AXIS2_PLACEMENT_3D('',#5575,#4655,#4656);
#3577=AXIS2_PLACEMENT_3D('',#5577,#4657,#4658);
#3578=AXIS2_PLACEMENT_3D('',#5580,#4660,#4661);
#3579=AXIS2_PLACEMENT_3D('',#5581,#4662,#4663);
#3580=AXIS2_PLACEMENT_3D('',#5582,#4664,#4665);
#3581=AXIS2_PLACEMENT_3D('',#5584,#4666,#4667);
#3582=AXIS2_PLACEMENT_3D('',#5587,#4669,#4670);
#3583=AXIS2_PLACEMENT_3D('',#5588,#4671,#4672);
#3584=AXIS2_PLACEMENT_3D('',#5589,#4673,#4674);
#3585=AXIS2_PLACEMENT_3D('',#5591,#4675,#4676);
#3586=AXIS2_PLACEMENT_3D('',#5594,#4678,#4679);
#3587=AXIS2_PLACEMENT_3D('',#5595,#4680,#4681);
#3588=AXIS2_PLACEMENT_3D('',#5596,#4682,#4683);
#3589=AXIS2_PLACEMENT_3D('',#5605,#4688,#4689);
#3590=AXIS2_PLACEMENT_3D('',#5611,#4693,#4694);
#3591=AXIS2_PLACEMENT_3D('',#5617,#4698,#4699);
#3592=AXIS2_PLACEMENT_3D('',#5620,#4702,#4703);
#3593=AXIS2_PLACEMENT_3D('',#5622,#4705,#4706);
#3594=AXIS2_PLACEMENT_3D('',#5624,#4708,#4709);
#3595=AXIS2_PLACEMENT_3D('',#5625,#4710,#4711);
#3596=AXIS2_PLACEMENT_3D('',#5626,#4712,#4713);
#3597=DIRECTION('axis',(0.,0.,1.));
#3598=DIRECTION('refdir',(1.,0.,0.));
#3599=DIRECTION('center_axis',(-1.,0.,0.));
#3600=DIRECTION('ref_axis',(0.,1.,-1.22464679914735E-16));
#3601=DIRECTION('',(1.,0.,0.));
#3602=DIRECTION('center_axis',(-1.,0.,0.));
#3603=DIRECTION('ref_axis',(0.,-1.,0.));
#3604=DIRECTION('',(-1.,0.,0.));
#3605=DIRECTION('center_axis',(-1.,0.,0.));
#3606=DIRECTION('ref_axis',(0.,-1.,0.));
#3607=DIRECTION('center_axis',(0.,-1.,0.));
#3608=DIRECTION('ref_axis',(0.,0.,-1.));
#3609=DIRECTION('center_axis',(0.,1.,0.));
#3610=DIRECTION('ref_axis',(0.,0.,-1.));
#3611=DIRECTION('center_axis',(1.,0.,-1.22464679914735E-16));
#3612=DIRECTION('ref_axis',(0.,-1.,0.));
#3613=DIRECTION('center_axis',(0.,-1.,0.));
#3614=DIRECTION('ref_axis',(0.,0.,-1.));
#3615=DIRECTION('center_axis',(1.,0.,0.));
#3616=DIRECTION('ref_axis',(0.,1.,1.22464679914735E-16));
#3617=DIRECTION('',(-1.,0.,0.));
#3618=DIRECTION('center_axis',(1.,0.,-1.22464679914735E-16));
#3619=DIRECTION('ref_axis',(0.,-1.,0.));
#3620=DIRECTION('',(1.,0.,0.));
#3621=DIRECTION('center_axis',(0.,1.,0.));
#3622=DIRECTION('ref_axis',(0.,0.,1.));
#3623=DIRECTION('center_axis',(0.,-1.,0.));
#3624=DIRECTION('ref_axis',(0.,0.,1.));
#3625=DIRECTION('center_axis',(-1.,0.,0.));
#3626=DIRECTION('ref_axis',(0.,-1.,0.));
#3627=DIRECTION('center_axis',(0.,1.,0.));
#3628=DIRECTION('ref_axis',(0.,0.,1.));
#3629=DIRECTION('center_axis',(-1.,0.,0.));
#3630=DIRECTION('ref_axis',(0.,1.,-1.22464679914735E-16));
#3631=DIRECTION('',(1.,0.,0.));
#3632=DIRECTION('center_axis',(-1.,0.,0.));
#3633=DIRECTION('ref_axis',(0.,-1.,0.));
#3634=DIRECTION('',(-1.,0.,0.));
#3635=DIRECTION('center_axis',(0.,-1.,0.));
#3636=DIRECTION('ref_axis',(0.,0.,-1.));
#3637=DIRECTION('center_axis',(0.,1.,0.));
#3638=DIRECTION('ref_axis',(0.,0.,-1.));
#3639=DIRECTION('center_axis',(1.,0.,-1.22464679914735E-16));
#3640=DIRECTION('ref_axis',(0.,-1.,0.));
#3641=DIRECTION('center_axis',(0.,-1.,0.));
#3642=DIRECTION('ref_axis',(0.,0.,-1.));
#3643=DIRECTION('center_axis',(1.,0.,0.));
#3644=DIRECTION('ref_axis',(0.,1.,1.22464679914735E-16));
#3645=DIRECTION('',(-1.,0.,0.));
#3646=DIRECTION('center_axis',(1.,0.,-1.22464679914735E-16));
#3647=DIRECTION('ref_axis',(0.,-1.,0.));
#3648=DIRECTION('',(1.,0.,0.));
#3649=DIRECTION('center_axis',(0.,1.,0.));
#3650=DIRECTION('ref_axis',(0.,0.,1.));
#3651=DIRECTION('center_axis',(0.,-1.,0.));
#3652=DIRECTION('ref_axis',(0.,0.,1.));
#3653=DIRECTION('center_axis',(-1.,0.,0.));
#3654=DIRECTION('ref_axis',(0.,-1.,0.));
#3655=DIRECTION('center_axis',(0.,1.,0.));
#3656=DIRECTION('ref_axis',(0.,0.,1.));
#3657=DIRECTION('center_axis',(-1.,0.,0.));
#3658=DIRECTION('ref_axis',(0.,1.,-1.22464679914735E-16));
#3659=DIRECTION('',(1.,0.,0.));
#3660=DIRECTION('center_axis',(-1.,0.,0.));
#3661=DIRECTION('ref_axis',(0.,-1.,0.));
#3662=DIRECTION('',(-1.,0.,0.));
#3663=DIRECTION('center_axis',(0.,-1.,0.));
#3664=DIRECTION('ref_axis',(0.,0.,-1.));
#3665=DIRECTION('center_axis',(0.,1.,0.));
#3666=DIRECTION('ref_axis',(0.,0.,-1.));
#3667=DIRECTION('center_axis',(1.,0.,-1.22464679914735E-16));
#3668=DIRECTION('ref_axis',(0.,-1.,0.));
#3669=DIRECTION('center_axis',(0.,-1.,0.));
#3670=DIRECTION('ref_axis',(0.,0.,-1.));
#3671=DIRECTION('center_axis',(1.,0.,0.));
#3672=DIRECTION('ref_axis',(0.,1.,1.22464679914735E-16));
#3673=DIRECTION('',(-1.,0.,0.));
#3674=DIRECTION('center_axis',(1.,0.,-1.22464679914735E-16));
#3675=DIRECTION('ref_axis',(0.,-1.,0.));
#3676=DIRECTION('',(1.,0.,0.));
#3677=DIRECTION('center_axis',(0.,1.,0.));
#3678=DIRECTION('ref_axis',(0.,0.,1.));
#3679=DIRECTION('center_axis',(0.,-1.,0.));
#3680=DIRECTION('ref_axis',(0.,0.,1.));
#3681=DIRECTION('center_axis',(-1.,0.,0.));
#3682=DIRECTION('ref_axis',(0.,-1.,0.));
#3683=DIRECTION('center_axis',(0.,1.,0.));
#3684=DIRECTION('ref_axis',(0.,0.,1.));
#3685=DIRECTION('center_axis',(-1.,0.,0.));
#3686=DIRECTION('ref_axis',(0.,1.,-1.22464679914735E-16));
#3687=DIRECTION('',(1.,0.,0.));
#3688=DIRECTION('center_axis',(-1.,0.,0.));
#3689=DIRECTION('ref_axis',(0.,-1.,0.));
#3690=DIRECTION('',(-1.,0.,0.));
#3691=DIRECTION('center_axis',(0.,-1.,0.));
#3692=DIRECTION('ref_axis',(0.,0.,-1.));
#3693=DIRECTION('center_axis',(0.,1.,0.));
#3694=DIRECTION('ref_axis',(0.,0.,-1.));
#3695=DIRECTION('center_axis',(1.,0.,-1.22464679914735E-16));
#3696=DIRECTION('ref_axis',(0.,-1.,0.));
#3697=DIRECTION('center_axis',(0.,-1.,0.));
#3698=DIRECTION('ref_axis',(0.,0.,-1.));
#3699=DIRECTION('center_axis',(1.,0.,0.));
#3700=DIRECTION('ref_axis',(0.,1.,1.22464679914735E-16));
#3701=DIRECTION('',(-1.,0.,0.));
#3702=DIRECTION('center_axis',(1.,0.,-1.22464679914735E-16));
#3703=DIRECTION('ref_axis',(0.,-1.,0.));
#3704=DIRECTION('',(1.,0.,0.));
#3705=DIRECTION('center_axis',(0.,1.,0.));
#3706=DIRECTION('ref_axis',(0.,0.,1.));
#3707=DIRECTION('center_axis',(0.,-1.,0.));
#3708=DIRECTION('ref_axis',(0.,0.,1.));
#3709=DIRECTION('center_axis',(-1.,0.,0.));
#3710=DIRECTION('ref_axis',(0.,-1.,0.));
#3711=DIRECTION('center_axis',(0.,1.,0.));
#3712=DIRECTION('ref_axis',(0.,0.,1.));
#3713=DIRECTION('center_axis',(-1.,0.,0.));
#3714=DIRECTION('ref_axis',(0.,1.,-1.22464679914735E-16));
#3715=DIRECTION('',(1.,0.,0.));
#3716=DIRECTION('center_axis',(-1.,0.,0.));
#3717=DIRECTION('ref_axis',(0.,-1.,0.));
#3718=DIRECTION('',(-1.,0.,0.));
#3719=DIRECTION('center_axis',(-1.,0.,0.));
#3720=DIRECTION('ref_axis',(0.,-1.,0.));
#3721=DIRECTION('center_axis',(-1.,0.,0.));
#3722=DIRECTION('ref_axis',(0.,-1.,0.));
#3723=DIRECTION('',(-1.,0.,0.));
#3724=DIRECTION('center_axis',(1.,0.,0.));
#3725=DIRECTION('ref_axis',(0.,-1.,0.));
#3726=DIRECTION('center_axis',(-1.,0.,0.));
#3727=DIRECTION('ref_axis',(0.,-1.,0.));
#3728=DIRECTION('center_axis',(0.,1.,0.));
#3729=DIRECTION('ref_axis',(0.,0.,1.));
#3730=DIRECTION('center_axis',(1.,0.,-1.22464679914735E-16));
#3731=DIRECTION('ref_axis',(0.,-1.,0.));
#3732=DIRECTION('center_axis',(1.,0.,-1.22464679914735E-16));
#3733=DIRECTION('ref_axis',(0.,-1.,0.));
#3734=DIRECTION('center_axis',(0.,1.,0.));
#3735=DIRECTION('ref_axis',(0.,0.,1.));
#3736=DIRECTION('center_axis',(1.,0.,0.));
#3737=DIRECTION('ref_axis',(0.,-1.,0.));
#3738=DIRECTION('center_axis',(1.,0.,-1.22464679914735E-16));
#3739=DIRECTION('ref_axis',(0.,-1.,0.));
#3740=DIRECTION('',(1.,0.,0.));
#3741=DIRECTION('center_axis',(1.,0.,-1.22464679914735E-16));
#3742=DIRECTION('ref_axis',(0.,-1.,0.));
#3743=DIRECTION('center_axis',(0.,-1.,0.));
#3744=DIRECTION('ref_axis',(0.,0.,-1.));
#3745=DIRECTION('center_axis',(-1.,0.,0.));
#3746=DIRECTION('ref_axis',(0.,-1.,0.));
#3747=DIRECTION('center_axis',(-1.,0.,0.));
#3748=DIRECTION('ref_axis',(0.,-1.,0.));
#3749=DIRECTION('center_axis',(0.,-1.,0.));
#3750=DIRECTION('ref_axis',(0.,0.,-1.));
#3751=DIRECTION('center_axis',(-1.,0.,0.));
#3752=DIRECTION('ref_axis',(0.,-1.,0.));
#3753=DIRECTION('center_axis',(-1.,0.,0.));
#3754=DIRECTION('ref_axis',(0.,-1.,0.));
#3755=DIRECTION('',(-1.,0.,0.));
#3756=DIRECTION('center_axis',(-1.,0.,0.));
#3757=DIRECTION('ref_axis',(0.,-1.,0.));
#3758=DIRECTION('center_axis',(0.,1.,0.));
#3759=DIRECTION('ref_axis',(0.,0.,1.));
#3760=DIRECTION('center_axis',(1.,0.,-1.22464679914735E-16));
#3761=DIRECTION('ref_axis',(0.,-1.,0.));
#3762=DIRECTION('center_axis',(1.,0.,-1.22464679914735E-16));
#3763=DIRECTION('ref_axis',(0.,-1.,0.));
#3764=DIRECTION('center_axis',(0.,1.,0.));
#3765=DIRECTION('ref_axis',(0.,0.,1.));
#3766=DIRECTION('center_axis',(1.,0.,0.));
#3767=DIRECTION('ref_axis',(0.,-1.,0.));
#3768=DIRECTION('center_axis',(1.,0.,-1.22464679914735E-16));
#3769=DIRECTION('ref_axis',(0.,-1.,0.));
#3770=DIRECTION('',(1.,0.,0.));
#3771=DIRECTION('center_axis',(1.,0.,-1.22464679914735E-16));
#3772=DIRECTION('ref_axis',(0.,-1.,0.));
#3773=DIRECTION('center_axis',(0.,-1.,0.));
#3774=DIRECTION('ref_axis',(0.,0.,-1.));
#3775=DIRECTION('center_axis',(-1.,0.,0.));
#3776=DIRECTION('ref_axis',(0.,-1.,0.));
#3777=DIRECTION('center_axis',(-1.,0.,0.));
#3778=DIRECTION('ref_axis',(0.,-1.,0.));
#3779=DIRECTION('center_axis',(0.,-1.,0.));
#3780=DIRECTION('ref_axis',(0.,0.,-1.));
#3781=DIRECTION('center_axis',(-1.,0.,0.));
#3782=DIRECTION('ref_axis',(0.,-1.,0.));
#3783=DIRECTION('center_axis',(-1.,0.,0.));
#3784=DIRECTION('ref_axis',(0.,-1.,0.));
#3785=DIRECTION('',(-1.,0.,0.));
#3786=DIRECTION('center_axis',(-1.,0.,0.));
#3787=DIRECTION('ref_axis',(0.,-1.,0.));
#3788=DIRECTION('center_axis',(0.,1.,0.));
#3789=DIRECTION('ref_axis',(0.,0.,1.));
#3790=DIRECTION('center_axis',(1.,0.,-1.22464679914735E-16));
#3791=DIRECTION('ref_axis',(0.,-1.,0.));
#3792=DIRECTION('center_axis',(1.,0.,-1.22464679914735E-16));
#3793=DIRECTION('ref_axis',(0.,-1.,0.));
#3794=DIRECTION('center_axis',(0.,1.,0.));
#3795=DIRECTION('ref_axis',(0.,0.,1.));
#3796=DIRECTION('center_axis',(1.,0.,0.));
#3797=DIRECTION('ref_axis',(0.,-1.,0.));
#3798=DIRECTION('center_axis',(1.,0.,-1.22464679914735E-16));
#3799=DIRECTION('ref_axis',(0.,-1.,0.));
#3800=DIRECTION('',(1.,0.,0.));
#3801=DIRECTION('center_axis',(1.,0.,-1.22464679914735E-16));
#3802=DIRECTION('ref_axis',(0.,-1.,0.));
#3803=DIRECTION('center_axis',(0.,-1.,0.));
#3804=DIRECTION('ref_axis',(0.,0.,-1.));
#3805=DIRECTION('center_axis',(-1.,0.,0.));
#3806=DIRECTION('ref_axis',(0.,-1.,0.));
#3807=DIRECTION('center_axis',(-1.,0.,0.));
#3808=DIRECTION('ref_axis',(0.,-1.,0.));
#3809=DIRECTION('center_axis',(0.,-1.,0.));
#3810=DIRECTION('ref_axis',(0.,0.,-1.));
#3811=DIRECTION('center_axis',(-1.,0.,0.));
#3812=DIRECTION('ref_axis',(0.,-1.,0.));
#3813=DIRECTION('center_axis',(-1.,0.,0.));
#3814=DIRECTION('ref_axis',(0.,-1.,0.));
#3815=DIRECTION('',(-1.,0.,0.));
#3816=DIRECTION('center_axis',(-1.,0.,0.));
#3817=DIRECTION('ref_axis',(0.,-1.,0.));
#3818=DIRECTION('center_axis',(0.,1.,0.));
#3819=DIRECTION('ref_axis',(0.,0.,1.));
#3820=DIRECTION('center_axis',(1.,0.,-1.22464679914735E-16));
#3821=DIRECTION('ref_axis',(0.,-1.,0.));
#3822=DIRECTION('center_axis',(1.,0.,-1.22464679914735E-16));
#3823=DIRECTION('ref_axis',(0.,-1.,0.));
#3824=DIRECTION('center_axis',(0.,1.,0.));
#3825=DIRECTION('ref_axis',(0.,0.,1.));
#3826=DIRECTION('center_axis',(1.,0.,0.));
#3827=DIRECTION('ref_axis',(0.,-1.,0.));
#3828=DIRECTION('center_axis',(1.,0.,-1.22464679914735E-16));
#3829=DIRECTION('ref_axis',(0.,-1.,0.));
#3830=DIRECTION('',(1.,0.,0.));
#3831=DIRECTION('center_axis',(1.,0.,-1.22464679914735E-16));
#3832=DIRECTION('ref_axis',(0.,-1.,0.));
#3833=DIRECTION('center_axis',(0.,-1.,0.));
#3834=DIRECTION('ref_axis',(0.,0.,-1.));
#3835=DIRECTION('center_axis',(-1.,0.,0.));
#3836=DIRECTION('ref_axis',(0.,-1.,0.));
#3837=DIRECTION('center_axis',(-1.,0.,0.));
#3838=DIRECTION('ref_axis',(0.,-1.,0.));
#3839=DIRECTION('center_axis',(0.,-1.,0.));
#3840=DIRECTION('ref_axis',(0.,0.,-1.));
#3841=DIRECTION('center_axis',(-1.,0.,0.));
#3842=DIRECTION('ref_axis',(0.,-1.,0.));
#3843=DIRECTION('center_axis',(-1.,0.,0.));
#3844=DIRECTION('ref_axis',(0.,-1.,0.));
#3845=DIRECTION('',(-1.,0.,0.));
#3846=DIRECTION('center_axis',(1.,0.,0.));
#3847=DIRECTION('ref_axis',(0.,1.,0.));
#3848=DIRECTION('',(0.,0.,1.));
#3849=DIRECTION('',(0.,1.,0.));
#3850=DIRECTION('',(0.,0.,1.));
#3851=DIRECTION('center_axis',(1.,0.,0.));
#3852=DIRECTION('ref_axis',(0.,1.,0.));
#3853=DIRECTION('',(0.,0.,1.));
#3854=DIRECTION('',(0.,1.,0.));
#3855=DIRECTION('',(0.,0.,1.));
#3856=DIRECTION('center_axis',(-1.,0.,0.));
#3857=DIRECTION('ref_axis',(0.,1.,0.));
#3858=DIRECTION('center_axis',(0.,1.,0.));
#3859=DIRECTION('ref_axis',(-1.,0.,0.));
#3860=DIRECTION('',(0.,0.,1.));
#3861=DIRECTION('',(-1.,0.,0.));
#3862=DIRECTION('center_axis',(1.,0.,0.));
#3863=DIRECTION('ref_axis',(0.,-1.,-1.22464679914735E-16));
#3864=DIRECTION('',(-1.,0.,0.));
#3865=DIRECTION('center_axis',(1.,0.,0.));
#3866=DIRECTION('ref_axis',(0.,1.,0.));
#3867=DIRECTION('',(1.,0.,0.));
#3868=DIRECTION('center_axis',(1.,0.,0.));
#3869=DIRECTION('ref_axis',(0.,1.,0.));
#3870=DIRECTION('center_axis',(0.,1.,0.));
#3871=DIRECTION('ref_axis',(0.,0.,1.));
#3872=DIRECTION('center_axis',(0.,-1.,0.));
#3873=DIRECTION('ref_axis',(0.,0.,1.));
#3874=DIRECTION('center_axis',(-1.,0.,-1.22464679914735E-16));
#3875=DIRECTION('ref_axis',(0.,1.,0.));
#3876=DIRECTION('center_axis',(0.,1.,0.));
#3877=DIRECTION('ref_axis',(0.,0.,1.));
#3878=DIRECTION('center_axis',(-1.,0.,0.));
#3879=DIRECTION('ref_axis',(0.,-1.,1.22464679914735E-16));
#3880=DIRECTION('',(1.,0.,0.));
#3881=DIRECTION('center_axis',(-1.,0.,-1.22464679914735E-16));
#3882=DIRECTION('ref_axis',(0.,1.,0.));
#3883=DIRECTION('',(-1.,0.,0.));
#3884=DIRECTION('center_axis',(0.,-1.,0.));
#3885=DIRECTION('ref_axis',(0.,0.,-1.));
#3886=DIRECTION('center_axis',(0.,1.,0.));
#3887=DIRECTION('ref_axis',(0.,0.,-1.));
#3888=DIRECTION('center_axis',(1.,0.,0.));
#3889=DIRECTION('ref_axis',(0.,1.,0.));
#3890=DIRECTION('center_axis',(0.,-1.,0.));
#3891=DIRECTION('ref_axis',(0.,0.,-1.));
#3892=DIRECTION('center_axis',(1.,0.,0.));
#3893=DIRECTION('ref_axis',(0.,-1.,-1.22464679914735E-16));
#3894=DIRECTION('',(-1.,0.,0.));
#3895=DIRECTION('center_axis',(1.,0.,0.));
#3896=DIRECTION('ref_axis',(0.,1.,0.));
#3897=DIRECTION('',(1.,0.,0.));
#3898=DIRECTION('center_axis',(0.,1.,0.));
#3899=DIRECTION('ref_axis',(0.,0.,1.));
#3900=DIRECTION('center_axis',(0.,-1.,0.));
#3901=DIRECTION('ref_axis',(0.,0.,1.));
#3902=DIRECTION('center_axis',(-1.,0.,-1.22464679914735E-16));
#3903=DIRECTION('ref_axis',(0.,1.,0.));
#3904=DIRECTION('center_axis',(0.,1.,0.));
#3905=DIRECTION('ref_axis',(0.,0.,1.));
#3906=DIRECTION('center_axis',(-1.,0.,0.));
#3907=DIRECTION('ref_axis',(0.,-1.,1.22464679914735E-16));
#3908=DIRECTION('',(1.,0.,0.));
#3909=DIRECTION('center_axis',(-1.,0.,-1.22464679914735E-16));
#3910=DIRECTION('ref_axis',(0.,1.,0.));
#3911=DIRECTION('',(-1.,0.,0.));
#3912=DIRECTION('center_axis',(0.,-1.,0.));
#3913=DIRECTION('ref_axis',(0.,0.,-1.));
#3914=DIRECTION('center_axis',(0.,1.,0.));
#3915=DIRECTION('ref_axis',(0.,0.,-1.));
#3916=DIRECTION('center_axis',(1.,0.,0.));
#3917=DIRECTION('ref_axis',(0.,1.,0.));
#3918=DIRECTION('center_axis',(0.,-1.,0.));
#3919=DIRECTION('ref_axis',(0.,0.,-1.));
#3920=DIRECTION('center_axis',(1.,0.,0.));
#3921=DIRECTION('ref_axis',(0.,-1.,-1.22464679914735E-16));
#3922=DIRECTION('',(-1.,0.,0.));
#3923=DIRECTION('center_axis',(1.,0.,0.));
#3924=DIRECTION('ref_axis',(0.,1.,0.));
#3925=DIRECTION('',(1.,0.,0.));
#3926=DIRECTION('center_axis',(0.,1.,0.));
#3927=DIRECTION('ref_axis',(0.,0.,1.));
#3928=DIRECTION('center_axis',(0.,-1.,0.));
#3929=DIRECTION('ref_axis',(0.,0.,1.));
#3930=DIRECTION('center_axis',(-1.,0.,-1.22464679914735E-16));
#3931=DIRECTION('ref_axis',(0.,1.,0.));
#3932=DIRECTION('center_axis',(0.,1.,0.));
#3933=DIRECTION('ref_axis',(0.,0.,1.));
#3934=DIRECTION('center_axis',(-1.,0.,0.));
#3935=DIRECTION('ref_axis',(0.,-1.,1.22464679914735E-16));
#3936=DIRECTION('',(1.,0.,0.));
#3937=DIRECTION('center_axis',(-1.,0.,-1.22464679914735E-16));
#3938=DIRECTION('ref_axis',(0.,1.,0.));
#3939=DIRECTION('',(-1.,0.,0.));
#3940=DIRECTION('center_axis',(0.,-1.,0.));
#3941=DIRECTION('ref_axis',(0.,0.,-1.));
#3942=DIRECTION('center_axis',(0.,1.,0.));
#3943=DIRECTION('ref_axis',(0.,0.,-1.));
#3944=DIRECTION('center_axis',(1.,0.,0.));
#3945=DIRECTION('ref_axis',(0.,1.,0.));
#3946=DIRECTION('center_axis',(0.,-1.,0.));
#3947=DIRECTION('ref_axis',(0.,0.,-1.));
#3948=DIRECTION('center_axis',(1.,0.,0.));
#3949=DIRECTION('ref_axis',(0.,-1.,-1.22464679914735E-16));
#3950=DIRECTION('',(-1.,0.,0.));
#3951=DIRECTION('center_axis',(1.,0.,0.));
#3952=DIRECTION('ref_axis',(0.,1.,0.));
#3953=DIRECTION('',(1.,0.,0.));
#3954=DIRECTION('center_axis',(0.,1.,0.));
#3955=DIRECTION('ref_axis',(0.,0.,1.));
#3956=DIRECTION('center_axis',(0.,-1.,0.));
#3957=DIRECTION('ref_axis',(0.,0.,1.));
#3958=DIRECTION('center_axis',(-1.,0.,-1.22464679914735E-16));
#3959=DIRECTION('ref_axis',(0.,1.,0.));
#3960=DIRECTION('center_axis',(0.,1.,0.));
#3961=DIRECTION('ref_axis',(0.,0.,1.));
#3962=DIRECTION('center_axis',(-1.,0.,0.));
#3963=DIRECTION('ref_axis',(0.,-1.,1.22464679914735E-16));
#3964=DIRECTION('',(1.,0.,0.));
#3965=DIRECTION('center_axis',(-1.,0.,-1.22464679914735E-16));
#3966=DIRECTION('ref_axis',(0.,1.,0.));
#3967=DIRECTION('',(-1.,0.,0.));
#3968=DIRECTION('center_axis',(0.,-1.,0.));
#3969=DIRECTION('ref_axis',(0.,0.,-1.));
#3970=DIRECTION('center_axis',(0.,1.,0.));
#3971=DIRECTION('ref_axis',(0.,0.,-1.));
#3972=DIRECTION('center_axis',(1.,0.,0.));
#3973=DIRECTION('ref_axis',(0.,1.,0.));
#3974=DIRECTION('center_axis',(0.,-1.,0.));
#3975=DIRECTION('ref_axis',(0.,0.,-1.));
#3976=DIRECTION('center_axis',(1.,0.,0.));
#3977=DIRECTION('ref_axis',(0.,-1.,-1.22464679914735E-16));
#3978=DIRECTION('',(-1.,0.,0.));
#3979=DIRECTION('',(1.,0.,0.));
#3980=DIRECTION('center_axis',(1.,0.,0.));
#3981=DIRECTION('ref_axis',(0.,1.,0.));
#3982=DIRECTION('center_axis',(1.,0.,0.));
#3983=DIRECTION('ref_axis',(0.,1.,0.));
#3984=DIRECTION('',(1.,0.,0.));
#3985=DIRECTION('center_axis',(1.,0.,0.));
#3986=DIRECTION('ref_axis',(0.,1.,0.));
#3987=DIRECTION('center_axis',(0.,-1.,0.));
#3988=DIRECTION('ref_axis',(0.,0.,-1.));
#3989=DIRECTION('center_axis',(-1.,0.,-1.22464679914735E-16));
#3990=DIRECTION('ref_axis',(0.,1.,0.));
#3991=DIRECTION('center_axis',(-1.,0.,-1.22464679914735E-16));
#3992=DIRECTION('ref_axis',(0.,1.,0.));
#3993=DIRECTION('center_axis',(0.,-1.,0.));
#3994=DIRECTION('ref_axis',(0.,0.,-1.));
#3995=DIRECTION('center_axis',(-1.,0.,0.));
#3996=DIRECTION('ref_axis',(0.,1.,0.));
#3997=DIRECTION('center_axis',(-1.,0.,-1.22464679914735E-16));
#3998=DIRECTION('ref_axis',(0.,1.,0.));
#3999=DIRECTION('',(-1.,0.,0.));
#4000=DIRECTION('center_axis',(-1.,0.,-1.22464679914735E-16));
#4001=DIRECTION('ref_axis',(0.,1.,0.));
#4002=DIRECTION('center_axis',(0.,1.,0.));
#4003=DIRECTION('ref_axis',(0.,0.,1.));
#4004=DIRECTION('center_axis',(1.,0.,0.));
#4005=DIRECTION('ref_axis',(0.,1.,0.));
#4006=DIRECTION('center_axis',(1.,0.,0.));
#4007=DIRECTION('ref_axis',(0.,1.,0.));
#4008=DIRECTION('center_axis',(0.,1.,0.));
#4009=DIRECTION('ref_axis',(0.,0.,1.));
#4010=DIRECTION('center_axis',(1.,0.,0.));
#4011=DIRECTION('ref_axis',(0.,1.,0.));
#4012=DIRECTION('center_axis',(1.,0.,0.));
#4013=DIRECTION('ref_axis',(0.,1.,0.));
#4014=DIRECTION('',(1.,0.,0.));
#4015=DIRECTION('center_axis',(1.,0.,0.));
#4016=DIRECTION('ref_axis',(0.,1.,0.));
#4017=DIRECTION('center_axis',(0.,-1.,0.));
#4018=DIRECTION('ref_axis',(0.,0.,-1.));
#4019=DIRECTION('center_axis',(-1.,0.,-1.22464679914735E-16));
#4020=DIRECTION('ref_axis',(0.,1.,0.));
#4021=DIRECTION('center_axis',(-1.,0.,-1.22464679914735E-16));
#4022=DIRECTION('ref_axis',(0.,1.,0.));
#4023=DIRECTION('center_axis',(0.,-1.,0.));
#4024=DIRECTION('ref_axis',(0.,0.,-1.));
#4025=DIRECTION('center_axis',(-1.,0.,0.));
#4026=DIRECTION('ref_axis',(0.,1.,0.));
#4027=DIRECTION('center_axis',(-1.,0.,-1.22464679914735E-16));
#4028=DIRECTION('ref_axis',(0.,1.,0.));
#4029=DIRECTION('',(-1.,0.,0.));
#4030=DIRECTION('center_axis',(-1.,0.,-1.22464679914735E-16));
#4031=DIRECTION('ref_axis',(0.,1.,0.));
#4032=DIRECTION('center_axis',(0.,1.,0.));
#4033=DIRECTION('ref_axis',(0.,0.,1.));
#4034=DIRECTION('center_axis',(1.,0.,0.));
#4035=DIRECTION('ref_axis',(0.,1.,0.));
#4036=DIRECTION('center_axis',(1.,0.,0.));
#4037=DIRECTION('ref_axis',(0.,1.,0.));
#4038=DIRECTION('center_axis',(0.,1.,0.));
#4039=DIRECTION('ref_axis',(0.,0.,1.));
#4040=DIRECTION('center_axis',(1.,0.,0.));
#4041=DIRECTION('ref_axis',(0.,1.,0.));
#4042=DIRECTION('center_axis',(1.,0.,0.));
#4043=DIRECTION('ref_axis',(0.,1.,0.));
#4044=DIRECTION('',(1.,0.,0.));
#4045=DIRECTION('center_axis',(1.,0.,0.));
#4046=DIRECTION('ref_axis',(0.,1.,0.));
#4047=DIRECTION('center_axis',(0.,-1.,0.));
#4048=DIRECTION('ref_axis',(0.,0.,-1.));
#4049=DIRECTION('center_axis',(-1.,0.,-1.22464679914735E-16));
#4050=DIRECTION('ref_axis',(0.,1.,0.));
#4051=DIRECTION('center_axis',(-1.,0.,-1.22464679914735E-16));
#4052=DIRECTION('ref_axis',(0.,1.,0.));
#4053=DIRECTION('center_axis',(0.,-1.,0.));
#4054=DIRECTION('ref_axis',(0.,0.,-1.));
#4055=DIRECTION('center_axis',(-1.,0.,0.));
#4056=DIRECTION('ref_axis',(0.,1.,0.));
#4057=DIRECTION('center_axis',(-1.,0.,-1.22464679914735E-16));
#4058=DIRECTION('ref_axis',(0.,1.,0.));
#4059=DIRECTION('',(-1.,0.,0.));
#4060=DIRECTION('center_axis',(-1.,0.,-1.22464679914735E-16));
#4061=DIRECTION('ref_axis',(0.,1.,0.));
#4062=DIRECTION('center_axis',(0.,1.,0.));
#4063=DIRECTION('ref_axis',(0.,0.,1.));
#4064=DIRECTION('center_axis',(1.,0.,0.));
#4065=DIRECTION('ref_axis',(0.,1.,0.));
#4066=DIRECTION('center_axis',(1.,0.,0.));
#4067=DIRECTION('ref_axis',(0.,1.,0.));
#4068=DIRECTION('center_axis',(0.,1.,0.));
#4069=DIRECTION('ref_axis',(0.,0.,1.));
#4070=DIRECTION('center_axis',(1.,0.,0.));
#4071=DIRECTION('ref_axis',(0.,1.,0.));
#4072=DIRECTION('center_axis',(1.,0.,0.));
#4073=DIRECTION('ref_axis',(0.,1.,0.));
#4074=DIRECTION('',(1.,0.,0.));
#4075=DIRECTION('center_axis',(1.,0.,0.));
#4076=DIRECTION('ref_axis',(0.,1.,0.));
#4077=DIRECTION('center_axis',(0.,-1.,0.));
#4078=DIRECTION('ref_axis',(0.,0.,-1.));
#4079=DIRECTION('center_axis',(-1.,0.,-1.22464679914735E-16));
#4080=DIRECTION('ref_axis',(0.,1.,0.));
#4081=DIRECTION('center_axis',(-1.,0.,-1.22464679914735E-16));
#4082=DIRECTION('ref_axis',(0.,1.,0.));
#4083=DIRECTION('center_axis',(0.,-1.,0.));
#4084=DIRECTION('ref_axis',(0.,0.,-1.));
#4085=DIRECTION('center_axis',(-1.,0.,0.));
#4086=DIRECTION('ref_axis',(0.,1.,0.));
#4087=DIRECTION('center_axis',(-1.,0.,-1.22464679914735E-16));
#4088=DIRECTION('ref_axis',(0.,1.,0.));
#4089=DIRECTION('',(-1.,0.,0.));
#4090=DIRECTION('center_axis',(-1.,0.,-1.22464679914735E-16));
#4091=DIRECTION('ref_axis',(0.,1.,0.));
#4092=DIRECTION('center_axis',(0.,1.,0.));
#4093=DIRECTION('ref_axis',(0.,0.,1.));
#4094=DIRECTION('center_axis',(1.,0.,0.));
#4095=DIRECTION('ref_axis',(0.,1.,0.));
#4096=DIRECTION('center_axis',(1.,0.,0.));
#4097=DIRECTION('ref_axis',(0.,1.,0.));
#4098=DIRECTION('center_axis',(0.,1.,0.));
#4099=DIRECTION('ref_axis',(0.,0.,1.));
#4100=DIRECTION('center_axis',(1.,0.,0.));
#4101=DIRECTION('ref_axis',(0.,1.,0.));
#4102=DIRECTION('center_axis',(1.,0.,0.));
#4103=DIRECTION('ref_axis',(0.,1.,0.));
#4104=DIRECTION('',(1.,0.,0.));
#4105=DIRECTION('center_axis',(-1.,0.,0.));
#4106=DIRECTION('ref_axis',(0.,-1.,0.));
#4107=DIRECTION('',(0.,0.,1.));
#4108=DIRECTION('',(0.,-1.,0.));
#4109=DIRECTION('',(0.,0.,1.));
#4110=DIRECTION('',(0.,0.,1.));
#4111=DIRECTION('',(0.,-1.,0.));
#4112=DIRECTION('center_axis',(0.,-1.,0.));
#4113=DIRECTION('ref_axis',(1.,0.,0.));
#4114=DIRECTION('',(1.,0.,0.));
#4115=DIRECTION('center_axis',(0.,0.,1.));
#4116=DIRECTION('ref_axis',(-1.,0.,0.));
#4117=DIRECTION('center_axis',(0.,0.,1.));
#4118=DIRECTION('ref_axis',(-1.,0.,0.));
#4119=DIRECTION('',(0.,0.,-1.));
#4120=DIRECTION('center_axis',(0.,0.,-1.));
#4121=DIRECTION('ref_axis',(-1.,0.,0.));
#4122=DIRECTION('center_axis',(0.,0.,1.));
#4123=DIRECTION('ref_axis',(-1.,0.,0.));
#4124=DIRECTION('center_axis',(0.,0.,1.));
#4125=DIRECTION('ref_axis',(-1.,0.,0.));
#4126=DIRECTION('center_axis',(0.,0.,1.));
#4127=DIRECTION('ref_axis',(-1.,0.,0.));
#4128=DIRECTION('',(0.,0.,-1.));
#4129=DIRECTION('center_axis',(0.,0.,-1.));
#4130=DIRECTION('ref_axis',(-1.,0.,0.));
#4131=DIRECTION('center_axis',(0.,0.,1.));
#4132=DIRECTION('ref_axis',(-1.,0.,0.));
#4133=DIRECTION('center_axis',(0.,0.,1.));
#4134=DIRECTION('ref_axis',(-1.,0.,0.));
#4135=DIRECTION('center_axis',(0.,0.,1.));
#4136=DIRECTION('ref_axis',(-1.,0.,0.));
#4137=DIRECTION('',(0.,0.,-1.));
#4138=DIRECTION('center_axis',(0.,0.,-1.));
#4139=DIRECTION('ref_axis',(-1.,0.,0.));
#4140=DIRECTION('center_axis',(0.,0.,1.));
#4141=DIRECTION('ref_axis',(-1.,0.,0.));
#4142=DIRECTION('center_axis',(0.,0.,1.));
#4143=DIRECTION('ref_axis',(-1.,0.,0.));
#4144=DIRECTION('center_axis',(0.,0.,1.));
#4145=DIRECTION('ref_axis',(-1.,0.,0.));
#4146=DIRECTION('',(0.,0.,-1.));
#4147=DIRECTION('center_axis',(0.,0.,-1.));
#4148=DIRECTION('ref_axis',(-1.,0.,0.));
#4149=DIRECTION('center_axis',(0.,0.,1.));
#4150=DIRECTION('ref_axis',(-1.,0.,0.));
#4151=DIRECTION('center_axis',(0.,0.,1.));
#4152=DIRECTION('ref_axis',(-1.,0.,0.));
#4153=DIRECTION('center_axis',(0.,0.,1.));
#4154=DIRECTION('ref_axis',(-1.,0.,0.));
#4155=DIRECTION('',(0.,0.,-1.));
#4156=DIRECTION('center_axis',(0.,0.,-1.));
#4157=DIRECTION('ref_axis',(-1.,0.,0.));
#4158=DIRECTION('center_axis',(0.,0.,1.));
#4159=DIRECTION('ref_axis',(-1.,0.,0.));
#4160=DIRECTION('center_axis',(0.,0.,1.));
#4161=DIRECTION('ref_axis',(-1.,0.,0.));
#4162=DIRECTION('center_axis',(0.,0.,1.));
#4163=DIRECTION('ref_axis',(-1.,0.,0.));
#4164=DIRECTION('',(0.,0.,-1.));
#4165=DIRECTION('center_axis',(0.,0.,-1.));
#4166=DIRECTION('ref_axis',(-1.,0.,0.));
#4167=DIRECTION('center_axis',(0.,0.,1.));
#4168=DIRECTION('ref_axis',(-1.,0.,0.));
#4169=DIRECTION('center_axis',(0.,0.,1.));
#4170=DIRECTION('ref_axis',(-1.,0.,0.));
#4171=DIRECTION('center_axis',(0.,0.,1.));
#4172=DIRECTION('ref_axis',(-1.,0.,0.));
#4173=DIRECTION('',(0.,0.,-1.));
#4174=DIRECTION('center_axis',(0.,0.,-1.));
#4175=DIRECTION('ref_axis',(-1.,0.,0.));
#4176=DIRECTION('center_axis',(0.,0.,1.));
#4177=DIRECTION('ref_axis',(-1.,0.,0.));
#4178=DIRECTION('center_axis',(0.,0.,1.));
#4179=DIRECTION('ref_axis',(-1.,0.,0.));
#4180=DIRECTION('center_axis',(0.,0.,1.));
#4181=DIRECTION('ref_axis',(-1.,0.,0.));
#4182=DIRECTION('',(0.,0.,-1.));
#4183=DIRECTION('center_axis',(0.,0.,-1.));
#4184=DIRECTION('ref_axis',(-1.,0.,0.));
#4185=DIRECTION('center_axis',(0.,0.,1.));
#4186=DIRECTION('ref_axis',(-1.,0.,0.));
#4187=DIRECTION('center_axis',(0.,0.,1.));
#4188=DIRECTION('ref_axis',(-1.,0.,0.));
#4189=DIRECTION('center_axis',(0.,0.,1.));
#4190=DIRECTION('ref_axis',(-1.,0.,0.));
#4191=DIRECTION('',(0.,0.,-1.));
#4192=DIRECTION('center_axis',(0.,0.,-1.));
#4193=DIRECTION('ref_axis',(-1.,0.,0.));
#4194=DIRECTION('center_axis',(0.,0.,1.));
#4195=DIRECTION('ref_axis',(-1.,0.,0.));
#4196=DIRECTION('center_axis',(0.,0.,1.));
#4197=DIRECTION('ref_axis',(-1.,0.,0.));
#4198=DIRECTION('center_axis',(0.,0.,1.));
#4199=DIRECTION('ref_axis',(-1.,0.,0.));
#4200=DIRECTION('',(0.,0.,-1.));
#4201=DIRECTION('center_axis',(0.,0.,-1.));
#4202=DIRECTION('ref_axis',(-1.,0.,0.));
#4203=DIRECTION('center_axis',(0.,0.,1.));
#4204=DIRECTION('ref_axis',(-1.,0.,0.));
#4205=DIRECTION('center_axis',(0.,0.,1.));
#4206=DIRECTION('ref_axis',(-1.,0.,0.));
#4207=DIRECTION('center_axis',(0.,0.,1.));
#4208=DIRECTION('ref_axis',(-1.,0.,0.));
#4209=DIRECTION('',(0.,0.,-1.));
#4210=DIRECTION('center_axis',(0.,0.,-1.));
#4211=DIRECTION('ref_axis',(-1.,0.,0.));
#4212=DIRECTION('center_axis',(0.,0.,1.));
#4213=DIRECTION('ref_axis',(-1.,0.,0.));
#4214=DIRECTION('center_axis',(0.,0.,1.));
#4215=DIRECTION('ref_axis',(-1.,0.,0.));
#4216=DIRECTION('center_axis',(0.,0.,1.));
#4217=DIRECTION('ref_axis',(-1.,0.,0.));
#4218=DIRECTION('',(0.,0.,-1.));
#4219=DIRECTION('center_axis',(0.,0.,-1.));
#4220=DIRECTION('ref_axis',(-1.,0.,0.));
#4221=DIRECTION('center_axis',(0.,0.,1.));
#4222=DIRECTION('ref_axis',(-1.,0.,0.));
#4223=DIRECTION('center_axis',(0.,0.,1.));
#4224=DIRECTION('ref_axis',(-1.,0.,0.));
#4225=DIRECTION('center_axis',(0.,0.,1.));
#4226=DIRECTION('ref_axis',(-1.,0.,0.));
#4227=DIRECTION('',(0.,0.,-1.));
#4228=DIRECTION('center_axis',(0.,0.,-1.));
#4229=DIRECTION('ref_axis',(-1.,0.,0.));
#4230=DIRECTION('center_axis',(0.,0.,1.));
#4231=DIRECTION('ref_axis',(-1.,0.,0.));
#4232=DIRECTION('center_axis',(0.,0.,1.));
#4233=DIRECTION('ref_axis',(-1.,0.,0.));
#4234=DIRECTION('center_axis',(0.,0.,1.));
#4235=DIRECTION('ref_axis',(-1.,0.,0.));
#4236=DIRECTION('',(0.,0.,-1.));
#4237=DIRECTION('center_axis',(0.,0.,-1.));
#4238=DIRECTION('ref_axis',(-1.,0.,0.));
#4239=DIRECTION('center_axis',(0.,0.,1.));
#4240=DIRECTION('ref_axis',(-1.,0.,0.));
#4241=DIRECTION('center_axis',(0.,0.,1.));
#4242=DIRECTION('ref_axis',(-1.,0.,0.));
#4243=DIRECTION('center_axis',(0.,0.,1.));
#4244=DIRECTION('ref_axis',(-1.,0.,0.));
#4245=DIRECTION('',(0.,0.,-1.));
#4246=DIRECTION('center_axis',(0.,0.,-1.));
#4247=DIRECTION('ref_axis',(-1.,0.,0.));
#4248=DIRECTION('center_axis',(0.,0.,1.));
#4249=DIRECTION('ref_axis',(-1.,0.,0.));
#4250=DIRECTION('center_axis',(0.,0.,1.));
#4251=DIRECTION('ref_axis',(-1.,0.,0.));
#4252=DIRECTION('center_axis',(0.,0.,1.));
#4253=DIRECTION('ref_axis',(-1.,0.,0.));
#4254=DIRECTION('',(0.,0.,-1.));
#4255=DIRECTION('center_axis',(0.,0.,-1.));
#4256=DIRECTION('ref_axis',(-1.,0.,0.));
#4257=DIRECTION('center_axis',(0.,0.,1.));
#4258=DIRECTION('ref_axis',(-1.,0.,0.));
#4259=DIRECTION('center_axis',(0.,0.,1.));
#4260=DIRECTION('ref_axis',(-1.,0.,0.));
#4261=DIRECTION('center_axis',(0.,0.,1.));
#4262=DIRECTION('ref_axis',(-1.,0.,0.));
#4263=DIRECTION('',(0.,0.,-1.));
#4264=DIRECTION('center_axis',(0.,0.,-1.));
#4265=DIRECTION('ref_axis',(-1.,0.,0.));
#4266=DIRECTION('center_axis',(0.,0.,1.));
#4267=DIRECTION('ref_axis',(-1.,0.,0.));
#4268=DIRECTION('center_axis',(0.,0.,1.));
#4269=DIRECTION('ref_axis',(-1.,0.,0.));
#4270=DIRECTION('center_axis',(0.,0.,1.));
#4271=DIRECTION('ref_axis',(-1.,0.,0.));
#4272=DIRECTION('',(0.,0.,-1.));
#4273=DIRECTION('center_axis',(0.,0.,-1.));
#4274=DIRECTION('ref_axis',(-1.,0.,0.));
#4275=DIRECTION('center_axis',(0.,0.,1.));
#4276=DIRECTION('ref_axis',(-1.,0.,0.));
#4277=DIRECTION('center_axis',(0.,0.,1.));
#4278=DIRECTION('ref_axis',(-1.,0.,0.));
#4279=DIRECTION('center_axis',(0.,0.,1.));
#4280=DIRECTION('ref_axis',(-1.,0.,0.));
#4281=DIRECTION('',(0.,0.,-1.));
#4282=DIRECTION('center_axis',(0.,0.,-1.));
#4283=DIRECTION('ref_axis',(-1.,0.,0.));
#4284=DIRECTION('center_axis',(0.,0.,1.));
#4285=DIRECTION('ref_axis',(-1.,0.,0.));
#4286=DIRECTION('center_axis',(0.,0.,1.));
#4287=DIRECTION('ref_axis',(-1.,0.,0.));
#4288=DIRECTION('center_axis',(0.,0.,1.));
#4289=DIRECTION('ref_axis',(-1.,0.,0.));
#4290=DIRECTION('',(0.,0.,-1.));
#4291=DIRECTION('center_axis',(0.,0.,-1.));
#4292=DIRECTION('ref_axis',(-1.,0.,0.));
#4293=DIRECTION('center_axis',(0.,0.,1.));
#4294=DIRECTION('ref_axis',(-1.,0.,0.));
#4295=DIRECTION('center_axis',(0.,0.,1.));
#4296=DIRECTION('ref_axis',(-1.,0.,0.));
#4297=DIRECTION('center_axis',(0.,0.,1.));
#4298=DIRECTION('ref_axis',(-1.,0.,0.));
#4299=DIRECTION('',(0.,0.,-1.));
#4300=DIRECTION('center_axis',(0.,0.,-1.));
#4301=DIRECTION('ref_axis',(-1.,0.,0.));
#4302=DIRECTION('center_axis',(0.,0.,1.));
#4303=DIRECTION('ref_axis',(-1.,0.,0.));
#4304=DIRECTION('center_axis',(0.,0.,1.));
#4305=DIRECTION('ref_axis',(-1.,0.,0.));
#4306=DIRECTION('center_axis',(0.,0.,1.));
#4307=DIRECTION('ref_axis',(-1.,0.,0.));
#4308=DIRECTION('',(0.,0.,-1.));
#4309=DIRECTION('center_axis',(0.,0.,-1.));
#4310=DIRECTION('ref_axis',(-1.,0.,0.));
#4311=DIRECTION('center_axis',(0.,0.,1.));
#4312=DIRECTION('ref_axis',(-1.,0.,0.));
#4313=DIRECTION('center_axis',(0.,0.,1.));
#4314=DIRECTION('ref_axis',(-1.,0.,0.));
#4315=DIRECTION('center_axis',(0.,0.,1.));
#4316=DIRECTION('ref_axis',(-1.,0.,0.));
#4317=DIRECTION('',(0.,0.,-1.));
#4318=DIRECTION('center_axis',(0.,0.,-1.));
#4319=DIRECTION('ref_axis',(-1.,0.,0.));
#4320=DIRECTION('center_axis',(0.,0.,1.));
#4321=DIRECTION('ref_axis',(-1.,0.,0.));
#4322=DIRECTION('center_axis',(0.,0.,1.));
#4323=DIRECTION('ref_axis',(-1.,0.,0.));
#4324=DIRECTION('center_axis',(0.,0.,1.));
#4325=DIRECTION('ref_axis',(-1.,0.,0.));
#4326=DIRECTION('',(0.,0.,-1.));
#4327=DIRECTION('center_axis',(0.,0.,-1.));
#4328=DIRECTION('ref_axis',(-1.,0.,0.));
#4329=DIRECTION('center_axis',(0.,0.,1.));
#4330=DIRECTION('ref_axis',(-1.,0.,0.));
#4331=DIRECTION('center_axis',(0.,0.,1.));
#4332=DIRECTION('ref_axis',(-1.,0.,0.));
#4333=DIRECTION('center_axis',(0.,0.,1.));
#4334=DIRECTION('ref_axis',(-1.,0.,0.));
#4335=DIRECTION('',(0.,0.,-1.));
#4336=DIRECTION('center_axis',(0.,0.,-1.));
#4337=DIRECTION('ref_axis',(-1.,0.,0.));
#4338=DIRECTION('center_axis',(0.,0.,1.));
#4339=DIRECTION('ref_axis',(-1.,0.,0.));
#4340=DIRECTION('center_axis',(0.,0.,1.));
#4341=DIRECTION('ref_axis',(-1.,0.,0.));
#4342=DIRECTION('center_axis',(0.,0.,1.));
#4343=DIRECTION('ref_axis',(-1.,0.,0.));
#4344=DIRECTION('',(0.,0.,-1.));
#4345=DIRECTION('center_axis',(0.,0.,-1.));
#4346=DIRECTION('ref_axis',(-1.,0.,0.));
#4347=DIRECTION('center_axis',(0.,0.,1.));
#4348=DIRECTION('ref_axis',(-1.,0.,0.));
#4349=DIRECTION('center_axis',(0.,0.,1.));
#4350=DIRECTION('ref_axis',(-1.,0.,0.));
#4351=DIRECTION('center_axis',(0.,0.,1.));
#4352=DIRECTION('ref_axis',(-1.,0.,0.));
#4353=DIRECTION('',(0.,0.,-1.));
#4354=DIRECTION('center_axis',(0.,0.,-1.));
#4355=DIRECTION('ref_axis',(-1.,0.,0.));
#4356=DIRECTION('center_axis',(0.,0.,1.));
#4357=DIRECTION('ref_axis',(-1.,0.,0.));
#4358=DIRECTION('center_axis',(0.,0.,1.));
#4359=DIRECTION('ref_axis',(-1.,0.,0.));
#4360=DIRECTION('center_axis',(0.,0.,1.));
#4361=DIRECTION('ref_axis',(-1.,0.,0.));
#4362=DIRECTION('',(0.,0.,-1.));
#4363=DIRECTION('center_axis',(0.,0.,-1.));
#4364=DIRECTION('ref_axis',(-1.,0.,0.));
#4365=DIRECTION('center_axis',(0.,0.,1.));
#4366=DIRECTION('ref_axis',(-1.,0.,0.));
#4367=DIRECTION('center_axis',(0.,0.,1.));
#4368=DIRECTION('ref_axis',(-1.,0.,0.));
#4369=DIRECTION('center_axis',(0.,0.,1.));
#4370=DIRECTION('ref_axis',(-1.,0.,0.));
#4371=DIRECTION('',(0.,0.,-1.));
#4372=DIRECTION('center_axis',(0.,0.,-1.));
#4373=DIRECTION('ref_axis',(-1.,0.,0.));
#4374=DIRECTION('center_axis',(0.,0.,1.));
#4375=DIRECTION('ref_axis',(-1.,0.,0.));
#4376=DIRECTION('center_axis',(0.,0.,1.));
#4377=DIRECTION('ref_axis',(-1.,0.,0.));
#4378=DIRECTION('center_axis',(0.,0.,1.));
#4379=DIRECTION('ref_axis',(-1.,0.,0.));
#4380=DIRECTION('',(0.,0.,-1.));
#4381=DIRECTION('center_axis',(0.,0.,-1.));
#4382=DIRECTION('ref_axis',(-1.,0.,0.));
#4383=DIRECTION('center_axis',(0.,0.,1.));
#4384=DIRECTION('ref_axis',(-1.,0.,0.));
#4385=DIRECTION('center_axis',(0.,0.,1.));
#4386=DIRECTION('ref_axis',(-1.,0.,0.));
#4387=DIRECTION('center_axis',(0.,0.,1.));
#4388=DIRECTION('ref_axis',(-1.,0.,0.));
#4389=DIRECTION('',(0.,0.,-1.));
#4390=DIRECTION('center_axis',(0.,0.,-1.));
#4391=DIRECTION('ref_axis',(-1.,0.,0.));
#4392=DIRECTION('center_axis',(0.,0.,1.));
#4393=DIRECTION('ref_axis',(-1.,0.,0.));
#4394=DIRECTION('center_axis',(0.,0.,1.));
#4395=DIRECTION('ref_axis',(-1.,0.,0.));
#4396=DIRECTION('center_axis',(0.,0.,1.));
#4397=DIRECTION('ref_axis',(-1.,0.,0.));
#4398=DIRECTION('',(0.,0.,-1.));
#4399=DIRECTION('center_axis',(0.,0.,-1.));
#4400=DIRECTION('ref_axis',(-1.,0.,0.));
#4401=DIRECTION('center_axis',(0.,0.,1.));
#4402=DIRECTION('ref_axis',(-1.,0.,0.));
#4403=DIRECTION('center_axis',(0.,0.,1.));
#4404=DIRECTION('ref_axis',(-1.,0.,0.));
#4405=DIRECTION('center_axis',(0.,0.,1.));
#4406=DIRECTION('ref_axis',(-1.,0.,0.));
#4407=DIRECTION('',(0.,0.,-1.));
#4408=DIRECTION('center_axis',(0.,0.,-1.));
#4409=DIRECTION('ref_axis',(-1.,0.,0.));
#4410=DIRECTION('center_axis',(0.,0.,1.));
#4411=DIRECTION('ref_axis',(-1.,0.,0.));
#4412=DIRECTION('center_axis',(0.,0.,1.));
#4413=DIRECTION('ref_axis',(-1.,0.,0.));
#4414=DIRECTION('center_axis',(0.,0.,1.));
#4415=DIRECTION('ref_axis',(-1.,0.,0.));
#4416=DIRECTION('',(0.,0.,-1.));
#4417=DIRECTION('center_axis',(0.,0.,-1.));
#4418=DIRECTION('ref_axis',(-1.,0.,0.));
#4419=DIRECTION('center_axis',(0.,0.,1.));
#4420=DIRECTION('ref_axis',(-1.,0.,0.));
#4421=DIRECTION('center_axis',(0.,0.,1.));
#4422=DIRECTION('ref_axis',(-1.,0.,0.));
#4423=DIRECTION('center_axis',(0.,0.,1.));
#4424=DIRECTION('ref_axis',(-1.,0.,0.));
#4425=DIRECTION('',(0.,0.,-1.));
#4426=DIRECTION('center_axis',(0.,0.,-1.));
#4427=DIRECTION('ref_axis',(-1.,0.,0.));
#4428=DIRECTION('center_axis',(0.,0.,1.));
#4429=DIRECTION('ref_axis',(-1.,0.,0.));
#4430=DIRECTION('center_axis',(0.,0.,1.));
#4431=DIRECTION('ref_axis',(-1.,0.,0.));
#4432=DIRECTION('center_axis',(0.,0.,1.));
#4433=DIRECTION('ref_axis',(-1.,0.,0.));
#4434=DIRECTION('',(0.,0.,-1.));
#4435=DIRECTION('center_axis',(0.,0.,-1.));
#4436=DIRECTION('ref_axis',(-1.,0.,0.));
#4437=DIRECTION('center_axis',(0.,0.,1.));
#4438=DIRECTION('ref_axis',(-1.,0.,0.));
#4439=DIRECTION('center_axis',(0.,0.,1.));
#4440=DIRECTION('ref_axis',(-1.,0.,0.));
#4441=DIRECTION('center_axis',(0.,0.,1.));
#4442=DIRECTION('ref_axis',(-1.,0.,0.));
#4443=DIRECTION('',(0.,0.,-1.));
#4444=DIRECTION('center_axis',(0.,0.,-1.));
#4445=DIRECTION('ref_axis',(-1.,0.,0.));
#4446=DIRECTION('center_axis',(0.,0.,1.));
#4447=DIRECTION('ref_axis',(-1.,0.,0.));
#4448=DIRECTION('center_axis',(0.,0.,1.));
#4449=DIRECTION('ref_axis',(-1.,0.,0.));
#4450=DIRECTION('center_axis',(0.,0.,1.));
#4451=DIRECTION('ref_axis',(-1.,0.,0.));
#4452=DIRECTION('',(0.,0.,-1.));
#4453=DIRECTION('center_axis',(0.,0.,-1.));
#4454=DIRECTION('ref_axis',(-1.,0.,0.));
#4455=DIRECTION('center_axis',(0.,0.,1.));
#4456=DIRECTION('ref_axis',(-1.,0.,0.));
#4457=DIRECTION('center_axis',(0.,0.,1.));
#4458=DIRECTION('ref_axis',(-1.,0.,0.));
#4459=DIRECTION('center_axis',(0.,0.,1.));
#4460=DIRECTION('ref_axis',(-1.,0.,0.));
#4461=DIRECTION('',(0.,0.,-1.));
#4462=DIRECTION('center_axis',(0.,0.,-1.));
#4463=DIRECTION('ref_axis',(-1.,0.,0.));
#4464=DIRECTION('center_axis',(0.,0.,1.));
#4465=DIRECTION('ref_axis',(-1.,0.,0.));
#4466=DIRECTION('center_axis',(0.,0.,1.));
#4467=DIRECTION('ref_axis',(-1.,0.,0.));
#4468=DIRECTION('center_axis',(0.,0.,1.));
#4469=DIRECTION('ref_axis',(-1.,0.,0.));
#4470=DIRECTION('',(0.,0.,-1.));
#4471=DIRECTION('center_axis',(0.,0.,-1.));
#4472=DIRECTION('ref_axis',(-1.,0.,0.));
#4473=DIRECTION('center_axis',(0.,0.,1.));
#4474=DIRECTION('ref_axis',(-1.,0.,0.));
#4475=DIRECTION('center_axis',(0.,0.,1.));
#4476=DIRECTION('ref_axis',(-1.,0.,0.));
#4477=DIRECTION('center_axis',(0.,0.,1.));
#4478=DIRECTION('ref_axis',(-1.,0.,0.));
#4479=DIRECTION('',(0.,0.,-1.));
#4480=DIRECTION('center_axis',(0.,0.,-1.));
#4481=DIRECTION('ref_axis',(-1.,0.,0.));
#4482=DIRECTION('center_axis',(0.,0.,1.));
#4483=DIRECTION('ref_axis',(-1.,0.,0.));
#4484=DIRECTION('center_axis',(0.,0.,1.));
#4485=DIRECTION('ref_axis',(-1.,0.,0.));
#4486=DIRECTION('center_axis',(0.,0.,1.));
#4487=DIRECTION('ref_axis',(-1.,0.,0.));
#4488=DIRECTION('',(0.,0.,-1.));
#4489=DIRECTION('center_axis',(0.,0.,-1.));
#4490=DIRECTION('ref_axis',(-1.,0.,0.));
#4491=DIRECTION('center_axis',(0.,0.,1.));
#4492=DIRECTION('ref_axis',(-1.,0.,0.));
#4493=DIRECTION('center_axis',(0.,0.,1.));
#4494=DIRECTION('ref_axis',(-1.,0.,0.));
#4495=DIRECTION('center_axis',(0.,0.,1.));
#4496=DIRECTION('ref_axis',(-1.,0.,0.));
#4497=DIRECTION('',(0.,0.,-1.));
#4498=DIRECTION('center_axis',(0.,0.,-1.));
#4499=DIRECTION('ref_axis',(-1.,0.,0.));
#4500=DIRECTION('center_axis',(0.,0.,1.));
#4501=DIRECTION('ref_axis',(-1.,0.,0.));
#4502=DIRECTION('center_axis',(0.,0.,1.));
#4503=DIRECTION('ref_axis',(-1.,0.,0.));
#4504=DIRECTION('center_axis',(0.,0.,1.));
#4505=DIRECTION('ref_axis',(-1.,0.,0.));
#4506=DIRECTION('',(0.,0.,-1.));
#4507=DIRECTION('center_axis',(0.,0.,-1.));
#4508=DIRECTION('ref_axis',(-1.,0.,0.));
#4509=DIRECTION('center_axis',(0.,0.,1.));
#4510=DIRECTION('ref_axis',(-1.,0.,0.));
#4511=DIRECTION('center_axis',(0.,0.,1.));
#4512=DIRECTION('ref_axis',(-1.,0.,0.));
#4513=DIRECTION('center_axis',(0.,0.,1.));
#4514=DIRECTION('ref_axis',(-1.,0.,0.));
#4515=DIRECTION('',(0.,0.,-1.));
#4516=DIRECTION('center_axis',(0.,0.,-1.));
#4517=DIRECTION('ref_axis',(-1.,0.,0.));
#4518=DIRECTION('center_axis',(0.,0.,1.));
#4519=DIRECTION('ref_axis',(-1.,0.,0.));
#4520=DIRECTION('center_axis',(0.,0.,1.));
#4521=DIRECTION('ref_axis',(-1.,0.,0.));
#4522=DIRECTION('center_axis',(0.,0.,1.));
#4523=DIRECTION('ref_axis',(-1.,0.,0.));
#4524=DIRECTION('',(0.,0.,-1.));
#4525=DIRECTION('center_axis',(0.,0.,-1.));
#4526=DIRECTION('ref_axis',(-1.,0.,0.));
#4527=DIRECTION('center_axis',(0.,0.,1.));
#4528=DIRECTION('ref_axis',(-1.,0.,0.));
#4529=DIRECTION('center_axis',(0.,0.,1.));
#4530=DIRECTION('ref_axis',(-1.,0.,0.));
#4531=DIRECTION('center_axis',(0.,0.,1.));
#4532=DIRECTION('ref_axis',(-1.,0.,0.));
#4533=DIRECTION('',(0.,0.,-1.));
#4534=DIRECTION('center_axis',(0.,0.,-1.));
#4535=DIRECTION('ref_axis',(-1.,0.,0.));
#4536=DIRECTION('center_axis',(0.,0.,1.));
#4537=DIRECTION('ref_axis',(-1.,0.,0.));
#4538=DIRECTION('center_axis',(0.,0.,1.));
#4539=DIRECTION('ref_axis',(-1.,0.,0.));
#4540=DIRECTION('center_axis',(0.,0.,1.));
#4541=DIRECTION('ref_axis',(-1.,0.,0.));
#4542=DIRECTION('',(0.,0.,-1.));
#4543=DIRECTION('center_axis',(0.,0.,-1.));
#4544=DIRECTION('ref_axis',(-1.,0.,0.));
#4545=DIRECTION('center_axis',(0.,0.,1.));
#4546=DIRECTION('ref_axis',(-1.,0.,0.));
#4547=DIRECTION('center_axis',(0.,0.,1.));
#4548=DIRECTION('ref_axis',(-1.,0.,0.));
#4549=DIRECTION('center_axis',(0.,0.,1.));
#4550=DIRECTION('ref_axis',(-1.,0.,0.));
#4551=DIRECTION('',(0.,0.,-1.));
#4552=DIRECTION('center_axis',(0.,0.,-1.));
#4553=DIRECTION('ref_axis',(-1.,0.,0.));
#4554=DIRECTION('center_axis',(0.,0.,1.));
#4555=DIRECTION('ref_axis',(-1.,0.,0.));
#4556=DIRECTION('center_axis',(0.,0.,1.));
#4557=DIRECTION('ref_axis',(-1.,0.,0.));
#4558=DIRECTION('center_axis',(0.,0.,1.));
#4559=DIRECTION('ref_axis',(-1.,0.,0.));
#4560=DIRECTION('',(0.,0.,-1.));
#4561=DIRECTION('center_axis',(0.,0.,-1.));
#4562=DIRECTION('ref_axis',(-1.,0.,0.));
#4563=DIRECTION('center_axis',(0.,0.,1.));
#4564=DIRECTION('ref_axis',(-1.,0.,0.));
#4565=DIRECTION('center_axis',(0.,0.,1.));
#4566=DIRECTION('ref_axis',(-1.,0.,0.));
#4567=DIRECTION('center_axis',(0.,0.,1.));
#4568=DIRECTION('ref_axis',(-1.,0.,0.));
#4569=DIRECTION('',(0.,0.,-1.));
#4570=DIRECTION('center_axis',(0.,0.,-1.));
#4571=DIRECTION('ref_axis',(-1.,0.,0.));
#4572=DIRECTION('center_axis',(0.,0.,1.));
#4573=DIRECTION('ref_axis',(-1.,0.,0.));
#4574=DIRECTION('center_axis',(0.,0.,1.));
#4575=DIRECTION('ref_axis',(-1.,0.,0.));
#4576=DIRECTION('center_axis',(0.,0.,1.));
#4577=DIRECTION('ref_axis',(-1.,0.,0.));
#4578=DIRECTION('',(0.,0.,-1.));
#4579=DIRECTION('center_axis',(0.,0.,-1.));
#4580=DIRECTION('ref_axis',(-1.,0.,0.));
#4581=DIRECTION('center_axis',(0.,0.,1.));
#4582=DIRECTION('ref_axis',(-1.,0.,0.));
#4583=DIRECTION('center_axis',(0.,0.,1.));
#4584=DIRECTION('ref_axis',(-1.,0.,0.));
#4585=DIRECTION('center_axis',(0.,0.,1.));
#4586=DIRECTION('ref_axis',(-1.,0.,0.));
#4587=DIRECTION('',(0.,0.,-1.));
#4588=DIRECTION('center_axis',(0.,0.,-1.));
#4589=DIRECTION('ref_axis',(-1.,0.,0.));
#4590=DIRECTION('center_axis',(0.,0.,1.));
#4591=DIRECTION('ref_axis',(-1.,0.,0.));
#4592=DIRECTION('center_axis',(0.,0.,1.));
#4593=DIRECTION('ref_axis',(-1.,0.,0.));
#4594=DIRECTION('center_axis',(0.,0.,1.));
#4595=DIRECTION('ref_axis',(-1.,0.,0.));
#4596=DIRECTION('',(0.,0.,-1.));
#4597=DIRECTION('center_axis',(0.,0.,-1.));
#4598=DIRECTION('ref_axis',(-1.,0.,0.));
#4599=DIRECTION('center_axis',(0.,0.,1.));
#4600=DIRECTION('ref_axis',(-1.,0.,0.));
#4601=DIRECTION('center_axis',(0.,0.,1.));
#4602=DIRECTION('ref_axis',(-1.,0.,0.));
#4603=DIRECTION('center_axis',(0.,0.,1.));
#4604=DIRECTION('ref_axis',(-1.,0.,0.));
#4605=DIRECTION('',(0.,0.,-1.));
#4606=DIRECTION('center_axis',(0.,0.,-1.));
#4607=DIRECTION('ref_axis',(-1.,0.,0.));
#4608=DIRECTION('center_axis',(0.,0.,1.));
#4609=DIRECTION('ref_axis',(-1.,0.,0.));
#4610=DIRECTION('center_axis',(0.,0.,1.));
#4611=DIRECTION('ref_axis',(-1.,0.,0.));
#4612=DIRECTION('center_axis',(0.,0.,1.));
#4613=DIRECTION('ref_axis',(-1.,0.,0.));
#4614=DIRECTION('',(0.,0.,-1.));
#4615=DIRECTION('center_axis',(0.,0.,-1.));
#4616=DIRECTION('ref_axis',(-1.,0.,0.));
#4617=DIRECTION('center_axis',(0.,0.,1.));
#4618=DIRECTION('ref_axis',(-1.,0.,0.));
#4619=DIRECTION('center_axis',(0.,0.,1.));
#4620=DIRECTION('ref_axis',(-1.,0.,0.));
#4621=DIRECTION('center_axis',(0.,0.,1.));
#4622=DIRECTION('ref_axis',(-1.,0.,0.));
#4623=DIRECTION('',(0.,0.,-1.));
#4624=DIRECTION('center_axis',(0.,0.,-1.));
#4625=DIRECTION('ref_axis',(-1.,0.,0.));
#4626=DIRECTION('center_axis',(0.,0.,1.));
#4627=DIRECTION('ref_axis',(-1.,0.,0.));
#4628=DIRECTION('center_axis',(0.,0.,1.));
#4629=DIRECTION('ref_axis',(-1.,0.,0.));
#4630=DIRECTION('center_axis',(0.,0.,1.));
#4631=DIRECTION('ref_axis',(-1.,0.,0.));
#4632=DIRECTION('',(0.,0.,-1.));
#4633=DIRECTION('center_axis',(0.,0.,-1.));
#4634=DIRECTION('ref_axis',(-1.,0.,0.));
#4635=DIRECTION('center_axis',(0.,0.,1.));
#4636=DIRECTION('ref_axis',(-1.,0.,0.));
#4637=DIRECTION('center_axis',(0.,0.,1.));
#4638=DIRECTION('ref_axis',(-1.,0.,0.));
#4639=DIRECTION('center_axis',(0.,0.,1.));
#4640=DIRECTION('ref_axis',(-1.,0.,0.));
#4641=DIRECTION('',(0.,0.,-1.));
#4642=DIRECTION('center_axis',(0.,0.,-1.));
#4643=DIRECTION('ref_axis',(-1.,0.,0.));
#4644=DIRECTION('center_axis',(0.,0.,1.));
#4645=DIRECTION('ref_axis',(-1.,0.,0.));
#4646=DIRECTION('center_axis',(0.,0.,1.));
#4647=DIRECTION('ref_axis',(-1.,0.,0.));
#4648=DIRECTION('center_axis',(0.,0.,1.));
#4649=DIRECTION('ref_axis',(-1.,0.,0.));
#4650=DIRECTION('',(0.,0.,-1.));
#4651=DIRECTION('center_axis',(0.,0.,-1.));
#4652=DIRECTION('ref_axis',(-1.,0.,0.));
#4653=DIRECTION('center_axis',(0.,0.,1.));
#4654=DIRECTION('ref_axis',(-1.,0.,0.));
#4655=DIRECTION('center_axis',(0.,0.,1.));
#4656=DIRECTION('ref_axis',(-1.,0.,0.));
#4657=DIRECTION('center_axis',(0.,0.,1.));
#4658=DIRECTION('ref_axis',(-1.,0.,0.));
#4659=DIRECTION('',(0.,0.,-1.));
#4660=DIRECTION('center_axis',(0.,0.,-1.));
#4661=DIRECTION('ref_axis',(-1.,0.,0.));
#4662=DIRECTION('center_axis',(0.,0.,1.));
#4663=DIRECTION('ref_axis',(-1.,0.,0.));
#4664=DIRECTION('center_axis',(0.,0.,1.));
#4665=DIRECTION('ref_axis',(-1.,0.,0.));
#4666=DIRECTION('center_axis',(0.,0.,1.));
#4667=DIRECTION('ref_axis',(-1.,0.,0.));
#4668=DIRECTION('',(0.,0.,-1.));
#4669=DIRECTION('center_axis',(0.,0.,-1.));
#4670=DIRECTION('ref_axis',(-1.,0.,0.));
#4671=DIRECTION('center_axis',(0.,0.,1.));
#4672=DIRECTION('ref_axis',(-1.,0.,0.));
#4673=DIRECTION('center_axis',(0.,0.,1.));
#4674=DIRECTION('ref_axis',(-1.,0.,0.));
#4675=DIRECTION('center_axis',(0.,0.,1.));
#4676=DIRECTION('ref_axis',(-1.,0.,0.));
#4677=DIRECTION('',(0.,0.,-1.));
#4678=DIRECTION('center_axis',(0.,0.,-1.));
#4679=DIRECTION('ref_axis',(-1.,0.,0.));
#4680=DIRECTION('center_axis',(0.,0.,1.));
#4681=DIRECTION('ref_axis',(-1.,0.,0.));
#4682=DIRECTION('center_axis',(0.,-1.,0.));
#4683=DIRECTION('ref_axis',(1.,0.,0.));
#4684=DIRECTION('',(-1.,0.,0.));
#4685=DIRECTION('',(0.,0.,1.));
#4686=DIRECTION('',(1.,0.,0.));
#4687=DIRECTION('',(0.,0.,1.));
#4688=DIRECTION('center_axis',(-1.,0.,0.));
#4689=DIRECTION('ref_axis',(0.,-1.,0.));
#4690=DIRECTION('',(0.,1.,0.));
#4691=DIRECTION('',(0.,0.,1.));
#4692=DIRECTION('',(0.,-1.,0.));
#4693=DIRECTION('center_axis',(1.,0.,0.));
#4694=DIRECTION('ref_axis',(0.,1.,0.));
#4695=DIRECTION('',(0.,-1.,0.));
#4696=DIRECTION('',(0.,1.,0.));
#4697=DIRECTION('',(0.,0.,1.));
#4698=DIRECTION('center_axis',(0.,1.,0.));
#4699=DIRECTION('ref_axis',(-1.,0.,0.));
#4700=DIRECTION('',(1.,0.,0.));
#4701=DIRECTION('',(-1.,0.,0.));
#4702=DIRECTION('center_axis',(0.,1.,0.));
#4703=DIRECTION('ref_axis',(-1.,0.,0.));
#4704=DIRECTION('',(-1.,0.,0.));
#4705=DIRECTION('center_axis',(0.,-1.,0.));
#4706=DIRECTION('ref_axis',(1.,0.,0.));
#4707=DIRECTION('',(1.,0.,0.));
#4708=DIRECTION('center_axis',(0.,0.,1.));
#4709=DIRECTION('ref_axis',(1.,0.,0.));
#4710=DIRECTION('center_axis',(0.,0.,1.));
#4711=DIRECTION('ref_axis',(1.,0.,0.));
#4712=DIRECTION('center_axis',(0.,0.,1.));
#4713=DIRECTION('ref_axis',(1.,0.,0.));
#4714=CARTESIAN_POINT('',(0.,0.,0.));
#4715=CARTESIAN_POINT('Origin',(157.499996479601,110.5,89.9999978207052));
#4716=CARTESIAN_POINT('',(-142.500003520399,107.5,86.6458958544555));
#4717=CARTESIAN_POINT('',(157.499996479601,107.5,86.6458958544555));
#4718=CARTESIAN_POINT('',(157.499996479601,107.5,86.6458958544555));
#4719=CARTESIAN_POINT('',(-142.500003520399,107.5,93.3540997869548));
#4720=CARTESIAN_POINT('Origin',(-142.500003520399,110.5,89.9999978207052));
#4721=CARTESIAN_POINT('',(157.499996479601,107.5,93.3540997869548));
#4722=CARTESIAN_POINT('',(157.499996479601,107.5,93.3540997869548));
#4723=CARTESIAN_POINT('Origin',(157.499996479601,110.5,89.9999978207052));
#4724=CARTESIAN_POINT('Origin',(-142.500003520399,110.5,84.9999989103526));
#4725=CARTESIAN_POINT('',(-142.500003520399,107.5,83.3541019662496));
#4726=CARTESIAN_POINT('Origin',(-142.500003520399,107.5,84.9999989103526));
#4727=CARTESIAN_POINT('',(-142.500003520399,107.5,76.6458980337503));
#4728=CARTESIAN_POINT('Origin',(-142.500003520399,110.5,80.));
#4729=CARTESIAN_POINT('Origin',(-142.500003520399,107.5,84.9999989103526));
#4730=CARTESIAN_POINT('Origin',(-142.500003520399,110.5,80.));
#4731=CARTESIAN_POINT('',(142.499996479601,107.5,83.3541019662496));
#4732=CARTESIAN_POINT('',(-142.500003520399,107.5,83.3541019662496));
#4733=CARTESIAN_POINT('',(142.499996479601,107.5,76.6458980337503));
#4734=CARTESIAN_POINT('Origin',(142.499996479601,110.5,80.));
#4735=CARTESIAN_POINT('',(-142.500003520399,107.5,76.6458980337503));
#4736=CARTESIAN_POINT('Origin',(142.499996479601,110.5,75.));
#4737=CARTESIAN_POINT('',(142.499996479601,107.5,66.6458980337504));
#4738=CARTESIAN_POINT('Origin',(142.499996479601,107.5,75.));
#4739=CARTESIAN_POINT('',(142.499996479601,107.5,73.3541019662497));
#4740=CARTESIAN_POINT('Origin',(142.499996479601,110.5,70.));
#4741=CARTESIAN_POINT('Origin',(142.499996479601,107.5,75.));
#4742=CARTESIAN_POINT('Origin',(142.499996479601,110.5,70.));
#4743=CARTESIAN_POINT('',(-142.500003520399,107.5,66.6458980337504));
#4744=CARTESIAN_POINT('',(142.499996479601,107.5,66.6458980337504));
#4745=CARTESIAN_POINT('',(-142.500003520399,107.5,73.3541019662497));
#4746=CARTESIAN_POINT('Origin',(-142.500003520399,110.5,70.));
#4747=CARTESIAN_POINT('',(142.499996479601,107.5,73.3541019662497));
#4748=CARTESIAN_POINT('Origin',(-142.500003520399,110.5,65.));
#4749=CARTESIAN_POINT('',(-142.500003520399,107.5,63.3541019662496));
#4750=CARTESIAN_POINT('Origin',(-142.500003520399,107.5,65.));
#4751=CARTESIAN_POINT('',(-142.500003520399,107.5,56.6458980337503));
#4752=CARTESIAN_POINT('Origin',(-142.500003520399,110.5,60.));
#4753=CARTESIAN_POINT('Origin',(-142.500003520399,107.5,65.));
#4754=CARTESIAN_POINT('Origin',(-142.500003520399,110.5,60.));
#4755=CARTESIAN_POINT('',(142.499996479601,107.5,63.3541019662496));
#4756=CARTESIAN_POINT('',(-142.500003520399,107.5,63.3541019662496));
#4757=CARTESIAN_POINT('',(142.499996479601,107.5,56.6458980337503));
#4758=CARTESIAN_POINT('Origin',(142.499996479601,110.5,60.));
#4759=CARTESIAN_POINT('',(-142.500003520399,107.5,56.6458980337503));
#4760=CARTESIAN_POINT('Origin',(142.499996479601,110.5,55.));
#4761=CARTESIAN_POINT('',(142.499996479601,107.5,46.6458980337504));
#4762=CARTESIAN_POINT('Origin',(142.499996479601,107.5,55.));
#4763=CARTESIAN_POINT('',(142.499996479601,107.5,53.3541019662497));
#4764=CARTESIAN_POINT('Origin',(142.499996479601,110.5,50.));
#4765=CARTESIAN_POINT('Origin',(142.499996479601,107.5,55.));
#4766=CARTESIAN_POINT('Origin',(142.499996479601,110.5,50.));
#4767=CARTESIAN_POINT('',(-142.500003520399,107.5,46.6458980337504));
#4768=CARTESIAN_POINT('',(142.499996479601,107.5,46.6458980337504));
#4769=CARTESIAN_POINT('',(-142.500003520399,107.5,53.3541019662497));
#4770=CARTESIAN_POINT('Origin',(-142.500003520399,110.5,50.));
#4771=CARTESIAN_POINT('',(142.499996479601,107.5,53.3541019662497));
#4772=CARTESIAN_POINT('Origin',(-142.500003520399,110.5,45.));
#4773=CARTESIAN_POINT('',(-142.500003520399,107.5,43.3541019662496));
#4774=CARTESIAN_POINT('Origin',(-142.500003520399,107.5,45.));
#4775=CARTESIAN_POINT('',(-142.500003520399,107.5,36.6458980337503));
#4776=CARTESIAN_POINT('Origin',(-142.500003520399,110.5,40.));
#4777=CARTESIAN_POINT('Origin',(-142.500003520399,107.5,45.));
#4778=CARTESIAN_POINT('Origin',(-142.500003520399,110.5,40.));
#4779=CARTESIAN_POINT('',(142.499996479601,107.5,43.3541019662496));
#4780=CARTESIAN_POINT('',(-142.500003520399,107.5,43.3541019662496));
#4781=CARTESIAN_POINT('',(142.499996479601,107.5,36.6458980337503));
#4782=CARTESIAN_POINT('Origin',(142.499996479601,110.5,40.));
#4783=CARTESIAN_POINT('',(-142.500003520399,107.5,36.6458980337503));
#4784=CARTESIAN_POINT('Origin',(142.499996479601,110.5,35.));
#4785=CARTESIAN_POINT('',(142.499996479601,107.5,26.6458980337503));
#4786=CARTESIAN_POINT('Origin',(142.499996479601,107.5,35.));
#4787=CARTESIAN_POINT('',(142.499996479601,107.5,33.3541019662497));
#4788=CARTESIAN_POINT('Origin',(142.499996479601,110.5,30.));
#4789=CARTESIAN_POINT('Origin',(142.499996479601,107.5,35.));
#4790=CARTESIAN_POINT('Origin',(142.499996479601,110.5,30.));
#4791=CARTESIAN_POINT('',(-142.500003520399,107.5,26.6458980337503));
#4792=CARTESIAN_POINT('',(142.499996479601,107.5,26.6458980337503));
#4793=CARTESIAN_POINT('',(-142.500003520399,107.5,33.3541019662497));
#4794=CARTESIAN_POINT('Origin',(-142.500003520399,110.5,30.));
#4795=CARTESIAN_POINT('',(142.499996479601,107.5,33.3541019662497));
#4796=CARTESIAN_POINT('Origin',(-142.500003520399,110.5,25.));
#4797=CARTESIAN_POINT('',(-142.500003520399,107.5,23.3541019662497));
#4798=CARTESIAN_POINT('Origin',(-142.500003520399,107.5,25.));
#4799=CARTESIAN_POINT('',(-142.500003520399,107.5,16.6458980337503));
#4800=CARTESIAN_POINT('Origin',(-142.500003520399,110.5,20.));
#4801=CARTESIAN_POINT('Origin',(-142.500003520399,107.5,25.));
#4802=CARTESIAN_POINT('Origin',(-142.500003520399,110.5,20.));
#4803=CARTESIAN_POINT('',(142.499996479601,107.5,23.3541019662497));
#4804=CARTESIAN_POINT('',(-142.500003520399,107.5,23.3541019662497));
#4805=CARTESIAN_POINT('',(142.499996479601,107.5,16.6458980337503));
#4806=CARTESIAN_POINT('Origin',(142.499996479601,110.5,20.));
#4807=CARTESIAN_POINT('',(-142.500003520399,107.5,16.6458980337503));
#4808=CARTESIAN_POINT('Origin',(142.499996479601,110.5,15.));
#4809=CARTESIAN_POINT('',(142.499996479601,107.5,6.64589803375035));
#4810=CARTESIAN_POINT('Origin',(142.499996479601,107.5,15.));
#4811=CARTESIAN_POINT('',(142.499996479601,107.5,13.3541019662497));
#4812=CARTESIAN_POINT('Origin',(142.499996479601,110.5,10.));
#4813=CARTESIAN_POINT('Origin',(142.499996479601,107.5,15.));
#4814=CARTESIAN_POINT('Origin',(142.499996479601,110.5,10.));
#4815=CARTESIAN_POINT('',(-157.5,107.5,6.64589803375035));
#4816=CARTESIAN_POINT('',(142.499996479601,107.5,6.64589803375035));
#4817=CARTESIAN_POINT('',(-157.5,107.5,13.3541019662497));
#4818=CARTESIAN_POINT('Origin',(-157.500002346933,110.5,10.));
#4819=CARTESIAN_POINT('',(142.499996479601,107.5,13.3541019662497));
#4820=CARTESIAN_POINT('Origin',(142.499996479601,110.5,10.));
#4821=CARTESIAN_POINT('',(142.499996479601,113.45,10.));
#4822=CARTESIAN_POINT('',(142.499996479601,110.5,12.95));
#4823=CARTESIAN_POINT('Origin',(142.499996479601,110.5,10.));
#4824=CARTESIAN_POINT('',(-157.500002346933,113.45,10.));
#4825=CARTESIAN_POINT('',(142.499996479601,113.45,10.));
#4826=CARTESIAN_POINT('Origin',(-157.500002346933,110.5,10.));
#4827=CARTESIAN_POINT('Origin',(142.499996479601,110.5,10.));
#4828=CARTESIAN_POINT('Origin',(142.499996479601,110.5,15.));
#4829=CARTESIAN_POINT('',(142.499996479601,113.45,20.));
#4830=CARTESIAN_POINT('',(142.499996479601,110.5,17.05));
#4831=CARTESIAN_POINT('Origin',(142.499996479601,110.5,20.));
#4832=CARTESIAN_POINT('Origin',(142.499996479601,110.5,20.));
#4833=CARTESIAN_POINT('Origin',(142.499996479601,110.5,15.));
#4834=CARTESIAN_POINT('Origin',(-142.500003520399,110.5,20.));
#4835=CARTESIAN_POINT('',(-142.500003520399,113.45,20.));
#4836=CARTESIAN_POINT('',(-142.500003520399,110.5,22.95));
#4837=CARTESIAN_POINT('Origin',(-142.500003520399,110.5,20.));
#4838=CARTESIAN_POINT('',(-142.500003520399,113.45,20.));
#4839=CARTESIAN_POINT('Origin',(-142.500003520399,110.5,20.));
#4840=CARTESIAN_POINT('Origin',(-142.500003520399,110.5,25.));
#4841=CARTESIAN_POINT('',(-142.500003520399,113.45,30.));
#4842=CARTESIAN_POINT('',(-142.500003520399,110.5,27.05));
#4843=CARTESIAN_POINT('Origin',(-142.500003520399,110.5,30.));
#4844=CARTESIAN_POINT('Origin',(-142.500003520399,110.5,30.));
#4845=CARTESIAN_POINT('Origin',(-142.500003520399,110.5,25.));
#4846=CARTESIAN_POINT('Origin',(142.499996479601,110.5,30.));
#4847=CARTESIAN_POINT('',(142.499996479601,113.45,30.));
#4848=CARTESIAN_POINT('',(142.499996479601,110.5,32.95));
#4849=CARTESIAN_POINT('Origin',(142.499996479601,110.5,30.));
#4850=CARTESIAN_POINT('',(142.499996479601,113.45,30.));
#4851=CARTESIAN_POINT('Origin',(142.499996479601,110.5,30.));
#4852=CARTESIAN_POINT('Origin',(142.499996479601,110.5,35.));
#4853=CARTESIAN_POINT('',(142.499996479601,113.45,40.));
#4854=CARTESIAN_POINT('',(142.499996479601,110.5,37.05));
#4855=CARTESIAN_POINT('Origin',(142.499996479601,110.5,40.));
#4856=CARTESIAN_POINT('Origin',(142.499996479601,110.5,40.));
#4857=CARTESIAN_POINT('Origin',(142.499996479601,110.5,35.));
#4858=CARTESIAN_POINT('Origin',(-142.500003520399,110.5,40.));
#4859=CARTESIAN_POINT('',(-142.500003520399,113.45,40.));
#4860=CARTESIAN_POINT('',(-142.500003520399,110.5,42.95));
#4861=CARTESIAN_POINT('Origin',(-142.500003520399,110.5,40.));
#4862=CARTESIAN_POINT('',(-142.500003520399,113.45,40.));
#4863=CARTESIAN_POINT('Origin',(-142.500003520399,110.5,40.));
#4864=CARTESIAN_POINT('Origin',(-142.500003520399,110.5,45.));
#4865=CARTESIAN_POINT('',(-142.500003520399,113.45,50.));
#4866=CARTESIAN_POINT('',(-142.500003520399,110.5,47.05));
#4867=CARTESIAN_POINT('Origin',(-142.500003520399,110.5,50.));
#4868=CARTESIAN_POINT('Origin',(-142.500003520399,110.5,50.));
#4869=CARTESIAN_POINT('Origin',(-142.500003520399,110.5,45.));
#4870=CARTESIAN_POINT('Origin',(142.499996479601,110.5,50.));
#4871=CARTESIAN_POINT('',(142.499996479601,113.45,50.));
#4872=CARTESIAN_POINT('',(142.499996479601,110.5,52.95));
#4873=CARTESIAN_POINT('Origin',(142.499996479601,110.5,50.));
#4874=CARTESIAN_POINT('',(142.499996479601,113.45,50.));
#4875=CARTESIAN_POINT('Origin',(142.499996479601,110.5,50.));
#4876=CARTESIAN_POINT('Origin',(142.499996479601,110.5,55.));
#4877=CARTESIAN_POINT('',(142.499996479601,113.45,60.));
#4878=CARTESIAN_POINT('',(142.499996479601,110.5,57.05));
#4879=CARTESIAN_POINT('Origin',(142.499996479601,110.5,60.));
#4880=CARTESIAN_POINT('Origin',(142.499996479601,110.5,60.));
#4881=CARTESIAN_POINT('Origin',(142.499996479601,110.5,55.));
#4882=CARTESIAN_POINT('Origin',(-142.500003520399,110.5,60.));
#4883=CARTESIAN_POINT('',(-142.500003520399,113.45,60.));
#4884=CARTESIAN_POINT('',(-142.500003520399,110.5,62.95));
#4885=CARTESIAN_POINT('Origin',(-142.500003520399,110.5,60.));
#4886=CARTESIAN_POINT('',(-142.500003520399,113.45,60.));
#4887=CARTESIAN_POINT('Origin',(-142.500003520399,110.5,60.));
#4888=CARTESIAN_POINT('Origin',(-142.500003520399,110.5,65.));
#4889=CARTESIAN_POINT('',(-142.500003520399,113.45,70.));
#4890=CARTESIAN_POINT('',(-142.500003520399,110.5,67.05));
#4891=CARTESIAN_POINT('Origin',(-142.500003520399,110.5,70.));
#4892=CARTESIAN_POINT('Origin',(-142.500003520399,110.5,70.));
#4893=CARTESIAN_POINT('Origin',(-142.500003520399,110.5,65.));
#4894=CARTESIAN_POINT('Origin',(142.499996479601,110.5,70.));
#4895=CARTESIAN_POINT('',(142.499996479601,113.45,70.));
#4896=CARTESIAN_POINT('',(142.499996479601,110.5,72.95));
#4897=CARTESIAN_POINT('Origin',(142.499996479601,110.5,70.));
#4898=CARTESIAN_POINT('',(142.499996479601,113.45,70.));
#4899=CARTESIAN_POINT('Origin',(142.499996479601,110.5,70.));
#4900=CARTESIAN_POINT('Origin',(142.499996479601,110.5,75.));
#4901=CARTESIAN_POINT('',(142.499996479601,113.45,80.));
#4902=CARTESIAN_POINT('',(142.499996479601,110.5,77.05));
#4903=CARTESIAN_POINT('Origin',(142.499996479601,110.5,80.));
#4904=CARTESIAN_POINT('Origin',(142.499996479601,110.5,80.));
#4905=CARTESIAN_POINT('Origin',(142.499996479601,110.5,75.));
#4906=CARTESIAN_POINT('Origin',(-142.500003520399,110.5,80.));
#4907=CARTESIAN_POINT('',(-142.500003520399,113.45,80.));
#4908=CARTESIAN_POINT('',(-142.500003520399,110.5,82.95));
#4909=CARTESIAN_POINT('Origin',(-142.500003520399,110.5,80.));
#4910=CARTESIAN_POINT('',(-142.500003520399,113.45,80.));
#4911=CARTESIAN_POINT('Origin',(-142.500003520399,110.5,80.));
#4912=CARTESIAN_POINT('Origin',(-142.500003520399,110.5,84.9999989103526));
#4913=CARTESIAN_POINT('',(-142.500003520399,113.45,89.9999978207052));
#4914=CARTESIAN_POINT('',(-142.500003520399,110.5,87.0499978207052));
#4915=CARTESIAN_POINT('Origin',(-142.500003520399,110.5,89.9999978207052));
#4916=CARTESIAN_POINT('Origin',(-142.500003520399,110.5,89.9999978207052));
#4917=CARTESIAN_POINT('Origin',(-142.500003520399,110.5,84.9999989103526));
#4918=CARTESIAN_POINT('Origin',(157.499996479601,110.5,89.9999978207052));
#4919=CARTESIAN_POINT('',(157.499996479601,113.45,89.9999978207052));
#4920=CARTESIAN_POINT('Origin',(157.499996479601,110.5,89.9999978207052));
#4921=CARTESIAN_POINT('',(157.499996479601,113.45,89.9999978207052));
#4922=CARTESIAN_POINT('Origin',(157.5,-107.5,0.));
#4923=CARTESIAN_POINT('',(157.5,107.5,97.5));
#4924=CARTESIAN_POINT('',(157.5,107.5,0.));
#4925=CARTESIAN_POINT('',(157.5,-107.5,97.5));
#4926=CARTESIAN_POINT('',(157.5,-107.5,97.5));
#4927=CARTESIAN_POINT('',(157.5,-107.5,13.3541019662497));
#4928=CARTESIAN_POINT('',(157.5,-107.5,0.));
#4929=CARTESIAN_POINT('',(157.5,-107.5,6.64589803375035));
#4930=CARTESIAN_POINT('Origin',(157.500007480849,-110.5,10.));
#4931=CARTESIAN_POINT('',(157.5,-107.5,0.));
#4932=CARTESIAN_POINT('',(157.5,-107.5,0.));
#4933=CARTESIAN_POINT('',(157.5,107.5,0.));
#4934=CARTESIAN_POINT('',(157.5,-107.5,0.));
#4935=CARTESIAN_POINT('',(157.5,107.5,0.));
#4936=CARTESIAN_POINT('',(157.500007480849,-113.45,10.));
#4937=CARTESIAN_POINT('Origin',(157.500007480849,-110.5,10.));
#4938=CARTESIAN_POINT('Origin',(157.5,107.5,0.));
#4939=CARTESIAN_POINT('',(-157.5,107.5,97.5));
#4940=CARTESIAN_POINT('',(-157.5,107.5,0.));
#4941=CARTESIAN_POINT('',(157.5,107.5,97.5));
#4942=CARTESIAN_POINT('Origin',(-157.500002346933,-110.5,90.0000014528632));
#4943=CARTESIAN_POINT('',(142.499997653067,-107.5,86.6458994866136));
#4944=CARTESIAN_POINT('',(-157.500002346933,-107.5,86.6458994866136));
#4945=CARTESIAN_POINT('',(-157.500002346933,-107.5,86.6458994866136));
#4946=CARTESIAN_POINT('',(142.499997653067,-107.5,93.3541034191129));
#4947=CARTESIAN_POINT('Origin',(142.499997653067,-110.5,90.0000014528632));
#4948=CARTESIAN_POINT('',(-157.500002346933,-107.5,93.3541034191129));
#4949=CARTESIAN_POINT('',(-157.500002346933,-107.5,93.3541034191129));
#4950=CARTESIAN_POINT('Origin',(-157.500002346933,-110.5,90.0000014528632));
#4951=CARTESIAN_POINT('Origin',(142.499997653067,-110.5,85.0000007264316));
#4952=CARTESIAN_POINT('',(142.499997653067,-107.5,83.3541019662496));
#4953=CARTESIAN_POINT('Origin',(142.499997653067,-107.5,85.0000007264316));
#4954=CARTESIAN_POINT('',(142.499997653067,-107.5,76.6458980337503));
#4955=CARTESIAN_POINT('Origin',(142.499997653067,-110.5,80.));
#4956=CARTESIAN_POINT('Origin',(142.499997653067,-107.5,85.0000007264316));
#4957=CARTESIAN_POINT('Origin',(142.499997653067,-110.5,80.));
#4958=CARTESIAN_POINT('',(-142.500002346933,-107.5,83.3541019662496));
#4959=CARTESIAN_POINT('',(142.499997653067,-107.5,83.3541019662496));
#4960=CARTESIAN_POINT('',(-142.500002346933,-107.5,76.6458980337503));
#4961=CARTESIAN_POINT('Origin',(-142.500002346933,-110.5,80.));
#4962=CARTESIAN_POINT('',(142.499997653067,-107.5,76.6458980337503));
#4963=CARTESIAN_POINT('Origin',(-142.500002346933,-110.5,75.));
#4964=CARTESIAN_POINT('',(-142.500002346933,-107.5,66.6458980337504));
#4965=CARTESIAN_POINT('Origin',(-142.500002346933,-107.5,75.));
#4966=CARTESIAN_POINT('',(-142.500002346933,-107.5,73.3541019662497));
#4967=CARTESIAN_POINT('Origin',(-142.500002346933,-110.5,70.));
#4968=CARTESIAN_POINT('Origin',(-142.500002346933,-107.5,75.));
#4969=CARTESIAN_POINT('Origin',(-142.500002346933,-110.5,70.));
#4970=CARTESIAN_POINT('',(142.499997653067,-107.5,66.6458980337504));
#4971=CARTESIAN_POINT('',(-142.500002346933,-107.5,66.6458980337504));
#4972=CARTESIAN_POINT('',(142.499997653067,-107.5,73.3541019662497));
#4973=CARTESIAN_POINT('Origin',(142.499997653067,-110.5,70.));
#4974=CARTESIAN_POINT('',(-142.500002346933,-107.5,73.3541019662497));
#4975=CARTESIAN_POINT('Origin',(142.499997653067,-110.5,65.));
#4976=CARTESIAN_POINT('',(142.499997653067,-107.5,63.3541019662496));
#4977=CARTESIAN_POINT('Origin',(142.499997653067,-107.5,65.));
#4978=CARTESIAN_POINT('',(142.499997653067,-107.5,56.6458980337503));
#4979=CARTESIAN_POINT('Origin',(142.499997653067,-110.5,60.));
#4980=CARTESIAN_POINT('Origin',(142.499997653067,-107.5,65.));
#4981=CARTESIAN_POINT('Origin',(142.499997653067,-110.5,60.));
#4982=CARTESIAN_POINT('',(-142.500002346933,-107.5,63.3541019662496));
#4983=CARTESIAN_POINT('',(142.499997653067,-107.5,63.3541019662496));
#4984=CARTESIAN_POINT('',(-142.500002346933,-107.5,56.6458980337503));
#4985=CARTESIAN_POINT('Origin',(-142.500002346933,-110.5,60.));
#4986=CARTESIAN_POINT('',(142.499997653067,-107.5,56.6458980337503));
#4987=CARTESIAN_POINT('Origin',(-142.500002346933,-110.5,55.));
#4988=CARTESIAN_POINT('',(-142.500002346933,-107.5,46.6458980337504));
#4989=CARTESIAN_POINT('Origin',(-142.500002346933,-107.5,55.));
#4990=CARTESIAN_POINT('',(-142.500002346933,-107.5,53.3541019662497));
#4991=CARTESIAN_POINT('Origin',(-142.500002346933,-110.5,50.));
#4992=CARTESIAN_POINT('Origin',(-142.500002346933,-107.5,55.));
#4993=CARTESIAN_POINT('Origin',(-142.500002346933,-110.5,50.));
#4994=CARTESIAN_POINT('',(142.499997653067,-107.5,46.6458980337504));
#4995=CARTESIAN_POINT('',(-142.500002346933,-107.5,46.6458980337504));
#4996=CARTESIAN_POINT('',(142.499997653067,-107.5,53.3541019662497));
#4997=CARTESIAN_POINT('Origin',(142.499997653067,-110.5,50.));
#4998=CARTESIAN_POINT('',(-142.500002346933,-107.5,53.3541019662497));
#4999=CARTESIAN_POINT('Origin',(142.499997653067,-110.5,45.));
#5000=CARTESIAN_POINT('',(142.499997653067,-107.5,43.3541019662496));
#5001=CARTESIAN_POINT('Origin',(142.499997653067,-107.5,45.));
#5002=CARTESIAN_POINT('',(142.499997653067,-107.5,36.6458980337503));
#5003=CARTESIAN_POINT('Origin',(142.499997653067,-110.5,40.));
#5004=CARTESIAN_POINT('Origin',(142.499997653067,-107.5,45.));
#5005=CARTESIAN_POINT('Origin',(142.499997653067,-110.5,40.));
#5006=CARTESIAN_POINT('',(-142.500002346933,-107.5,43.3541019662496));
#5007=CARTESIAN_POINT('',(142.499997653067,-107.5,43.3541019662496));
#5008=CARTESIAN_POINT('',(-142.500002346933,-107.5,36.6458980337503));
#5009=CARTESIAN_POINT('Origin',(-142.500002346933,-110.5,40.));
#5010=CARTESIAN_POINT('',(142.499997653067,-107.5,36.6458980337503));
#5011=CARTESIAN_POINT('Origin',(-142.500002346933,-110.5,35.));
#5012=CARTESIAN_POINT('',(-142.500002346933,-107.5,26.6458980337503));
#5013=CARTESIAN_POINT('Origin',(-142.500002346933,-107.5,35.));
#5014=CARTESIAN_POINT('',(-142.500002346933,-107.5,33.3541019662497));
#5015=CARTESIAN_POINT('Origin',(-142.500002346933,-110.5,30.));
#5016=CARTESIAN_POINT('Origin',(-142.500002346933,-107.5,35.));
#5017=CARTESIAN_POINT('Origin',(-142.500002346933,-110.5,30.));
#5018=CARTESIAN_POINT('',(142.499997653067,-107.5,26.6458980337503));
#5019=CARTESIAN_POINT('',(-142.500002346933,-107.5,26.6458980337503));
#5020=CARTESIAN_POINT('',(142.499997653067,-107.5,33.3541019662497));
#5021=CARTESIAN_POINT('Origin',(142.499997653067,-110.5,30.));
#5022=CARTESIAN_POINT('',(-142.500002346933,-107.5,33.3541019662497));
#5023=CARTESIAN_POINT('Origin',(142.499997653067,-110.5,25.));
#5024=CARTESIAN_POINT('',(142.499997653067,-107.5,23.3541019662497));
#5025=CARTESIAN_POINT('Origin',(142.499997653067,-107.5,25.));
#5026=CARTESIAN_POINT('',(142.499997653067,-107.5,16.6458980337503));
#5027=CARTESIAN_POINT('Origin',(142.499997653067,-110.5,20.));
#5028=CARTESIAN_POINT('Origin',(142.499997653067,-107.5,25.));
#5029=CARTESIAN_POINT('Origin',(142.499997653067,-110.5,20.));
#5030=CARTESIAN_POINT('',(-142.500002346933,-107.5,23.3541019662497));
#5031=CARTESIAN_POINT('',(142.499997653067,-107.5,23.3541019662497));
#5032=CARTESIAN_POINT('',(-142.500002346933,-107.5,16.6458980337503));
#5033=CARTESIAN_POINT('Origin',(-142.500002346933,-110.5,20.));
#5034=CARTESIAN_POINT('',(142.499997653067,-107.5,16.6458980337503));
#5035=CARTESIAN_POINT('Origin',(-142.500002346933,-110.5,15.));
#5036=CARTESIAN_POINT('',(-142.500002346933,-107.5,6.64589803375035));
#5037=CARTESIAN_POINT('Origin',(-142.500002346933,-107.5,15.));
#5038=CARTESIAN_POINT('',(-142.500002346933,-107.5,13.3541019662497));
#5039=CARTESIAN_POINT('Origin',(-142.500002346933,-110.5,10.));
#5040=CARTESIAN_POINT('Origin',(-142.500002346933,-107.5,15.));
#5041=CARTESIAN_POINT('Origin',(-142.500002346933,-110.5,10.));
#5042=CARTESIAN_POINT('',(-142.500002346933,-107.5,6.64589803375035));
#5043=CARTESIAN_POINT('',(-142.500002346933,-107.5,13.3541019662497));
#5044=CARTESIAN_POINT('Origin',(-142.500002346933,-110.5,10.));
#5045=CARTESIAN_POINT('',(-142.500002346933,-113.45,10.));
#5046=CARTESIAN_POINT('',(-142.500002346933,-110.5,12.95));
#5047=CARTESIAN_POINT('Origin',(-142.500002346933,-110.5,10.));
#5048=CARTESIAN_POINT('',(-142.500002346933,-113.45,10.));
#5049=CARTESIAN_POINT('Origin',(-142.500002346933,-110.5,10.));
#5050=CARTESIAN_POINT('Origin',(-142.500002346933,-110.5,15.));
#5051=CARTESIAN_POINT('',(-142.500002346933,-113.45,20.));
#5052=CARTESIAN_POINT('',(-142.500002346933,-110.5,17.05));
#5053=CARTESIAN_POINT('Origin',(-142.500002346933,-110.5,20.));
#5054=CARTESIAN_POINT('Origin',(-142.500002346933,-110.5,20.));
#5055=CARTESIAN_POINT('Origin',(-142.500002346933,-110.5,15.));
#5056=CARTESIAN_POINT('Origin',(142.499997653067,-110.5,20.));
#5057=CARTESIAN_POINT('',(142.499997653067,-113.45,20.));
#5058=CARTESIAN_POINT('',(142.499997653067,-110.5,22.95));
#5059=CARTESIAN_POINT('Origin',(142.499997653067,-110.5,20.));
#5060=CARTESIAN_POINT('',(142.499997653067,-113.45,20.));
#5061=CARTESIAN_POINT('Origin',(142.499997653067,-110.5,20.));
#5062=CARTESIAN_POINT('Origin',(142.499997653067,-110.5,25.));
#5063=CARTESIAN_POINT('',(142.499997653067,-113.45,30.));
#5064=CARTESIAN_POINT('',(142.499997653067,-110.5,27.05));
#5065=CARTESIAN_POINT('Origin',(142.499997653067,-110.5,30.));
#5066=CARTESIAN_POINT('Origin',(142.499997653067,-110.5,30.));
#5067=CARTESIAN_POINT('Origin',(142.499997653067,-110.5,25.));
#5068=CARTESIAN_POINT('Origin',(-142.500002346933,-110.5,30.));
#5069=CARTESIAN_POINT('',(-142.500002346933,-113.45,30.));
#5070=CARTESIAN_POINT('',(-142.500002346933,-110.5,32.95));
#5071=CARTESIAN_POINT('Origin',(-142.500002346933,-110.5,30.));
#5072=CARTESIAN_POINT('',(-142.500002346933,-113.45,30.));
#5073=CARTESIAN_POINT('Origin',(-142.500002346933,-110.5,30.));
#5074=CARTESIAN_POINT('Origin',(-142.500002346933,-110.5,35.));
#5075=CARTESIAN_POINT('',(-142.500002346933,-113.45,40.));
#5076=CARTESIAN_POINT('',(-142.500002346933,-110.5,37.05));
#5077=CARTESIAN_POINT('Origin',(-142.500002346933,-110.5,40.));
#5078=CARTESIAN_POINT('Origin',(-142.500002346933,-110.5,40.));
#5079=CARTESIAN_POINT('Origin',(-142.500002346933,-110.5,35.));
#5080=CARTESIAN_POINT('Origin',(142.499997653067,-110.5,40.));
#5081=CARTESIAN_POINT('',(142.499997653067,-113.45,40.));
#5082=CARTESIAN_POINT('',(142.499997653067,-110.5,42.95));
#5083=CARTESIAN_POINT('Origin',(142.499997653067,-110.5,40.));
#5084=CARTESIAN_POINT('',(142.499997653067,-113.45,40.));
#5085=CARTESIAN_POINT('Origin',(142.499997653067,-110.5,40.));
#5086=CARTESIAN_POINT('Origin',(142.499997653067,-110.5,45.));
#5087=CARTESIAN_POINT('',(142.499997653067,-113.45,50.));
#5088=CARTESIAN_POINT('',(142.499997653067,-110.5,47.05));
#5089=CARTESIAN_POINT('Origin',(142.499997653067,-110.5,50.));
#5090=CARTESIAN_POINT('Origin',(142.499997653067,-110.5,50.));
#5091=CARTESIAN_POINT('Origin',(142.499997653067,-110.5,45.));
#5092=CARTESIAN_POINT('Origin',(-142.500002346933,-110.5,50.));
#5093=CARTESIAN_POINT('',(-142.500002346933,-113.45,50.));
#5094=CARTESIAN_POINT('',(-142.500002346933,-110.5,52.95));
#5095=CARTESIAN_POINT('Origin',(-142.500002346933,-110.5,50.));
#5096=CARTESIAN_POINT('',(-142.500002346933,-113.45,50.));
#5097=CARTESIAN_POINT('Origin',(-142.500002346933,-110.5,50.));
#5098=CARTESIAN_POINT('Origin',(-142.500002346933,-110.5,55.));
#5099=CARTESIAN_POINT('',(-142.500002346933,-113.45,60.));
#5100=CARTESIAN_POINT('',(-142.500002346933,-110.5,57.05));
#5101=CARTESIAN_POINT('Origin',(-142.500002346933,-110.5,60.));
#5102=CARTESIAN_POINT('Origin',(-142.500002346933,-110.5,60.));
#5103=CARTESIAN_POINT('Origin',(-142.500002346933,-110.5,55.));
#5104=CARTESIAN_POINT('Origin',(142.499997653067,-110.5,60.));
#5105=CARTESIAN_POINT('',(142.499997653067,-113.45,60.));
#5106=CARTESIAN_POINT('',(142.499997653067,-110.5,62.95));
#5107=CARTESIAN_POINT('Origin',(142.499997653067,-110.5,60.));
#5108=CARTESIAN_POINT('',(142.499997653067,-113.45,60.));
#5109=CARTESIAN_POINT('Origin',(142.499997653067,-110.5,60.));
#5110=CARTESIAN_POINT('Origin',(142.499997653067,-110.5,65.));
#5111=CARTESIAN_POINT('',(142.499997653067,-113.45,70.));
#5112=CARTESIAN_POINT('',(142.499997653067,-110.5,67.05));
#5113=CARTESIAN_POINT('Origin',(142.499997653067,-110.5,70.));
#5114=CARTESIAN_POINT('Origin',(142.499997653067,-110.5,70.));
#5115=CARTESIAN_POINT('Origin',(142.499997653067,-110.5,65.));
#5116=CARTESIAN_POINT('Origin',(-142.500002346933,-110.5,70.));
#5117=CARTESIAN_POINT('',(-142.500002346933,-113.45,70.));
#5118=CARTESIAN_POINT('',(-142.500002346933,-110.5,72.95));
#5119=CARTESIAN_POINT('Origin',(-142.500002346933,-110.5,70.));
#5120=CARTESIAN_POINT('',(-142.500002346933,-113.45,70.));
#5121=CARTESIAN_POINT('Origin',(-142.500002346933,-110.5,70.));
#5122=CARTESIAN_POINT('Origin',(-142.500002346933,-110.5,75.));
#5123=CARTESIAN_POINT('',(-142.500002346933,-113.45,80.));
#5124=CARTESIAN_POINT('',(-142.500002346933,-110.5,77.05));
#5125=CARTESIAN_POINT('Origin',(-142.500002346933,-110.5,80.));
#5126=CARTESIAN_POINT('Origin',(-142.500002346933,-110.5,80.));
#5127=CARTESIAN_POINT('Origin',(-142.500002346933,-110.5,75.));
#5128=CARTESIAN_POINT('Origin',(142.499997653067,-110.5,80.));
#5129=CARTESIAN_POINT('',(142.499997653067,-113.45,80.));
#5130=CARTESIAN_POINT('',(142.499997653067,-110.5,82.95));
#5131=CARTESIAN_POINT('Origin',(142.499997653067,-110.5,80.));
#5132=CARTESIAN_POINT('',(142.499997653067,-113.45,80.));
#5133=CARTESIAN_POINT('Origin',(142.499997653067,-110.5,80.));
#5134=CARTESIAN_POINT('Origin',(142.499997653067,-110.5,85.0000007264316));
#5135=CARTESIAN_POINT('',(142.499997653067,-113.45,90.0000014528632));
#5136=CARTESIAN_POINT('',(142.499997653067,-110.5,87.0500014528632));
#5137=CARTESIAN_POINT('Origin',(142.499997653067,-110.5,90.0000014528632));
#5138=CARTESIAN_POINT('Origin',(142.499997653067,-110.5,90.0000014528632));
#5139=CARTESIAN_POINT('Origin',(142.499997653067,-110.5,85.0000007264316));
#5140=CARTESIAN_POINT('Origin',(-157.500002346933,-110.5,90.0000014528632));
#5141=CARTESIAN_POINT('',(-157.500002346933,-113.45,90.0000014528632));
#5142=CARTESIAN_POINT('Origin',(-157.500002346933,-110.5,90.0000014528632));
#5143=CARTESIAN_POINT('',(-157.500002346933,-113.45,90.0000014528632));
#5144=CARTESIAN_POINT('Origin',(-157.5,107.5,0.));
#5145=CARTESIAN_POINT('',(-157.5,107.5,0.));
#5146=CARTESIAN_POINT('',(-157.5,107.5,0.));
#5147=CARTESIAN_POINT('',(-157.5,-107.5,0.));
#5148=CARTESIAN_POINT('',(-157.5,107.5,0.));
#5149=CARTESIAN_POINT('',(-157.5,-107.5,0.));
#5150=CARTESIAN_POINT('',(-157.5,-107.5,97.5));
#5151=CARTESIAN_POINT('',(-157.5,-107.5,0.));
#5152=CARTESIAN_POINT('',(-157.5,107.5,97.5));
#5153=CARTESIAN_POINT('Origin',(-157.5,-107.5,0.));
#5154=CARTESIAN_POINT('',(-157.5,-107.5,97.5));
#5155=CARTESIAN_POINT('Origin',(135.,-56.6666666666667,7.5));
#5156=CARTESIAN_POINT('',(147.5,-56.6666666666667,97.5));
#5157=CARTESIAN_POINT('Origin',(135.,-56.6666666666667,97.5));
#5158=CARTESIAN_POINT('',(147.5,-56.6666666666667,7.5));
#5159=CARTESIAN_POINT('',(147.5,-56.6666666666667,7.5));
#5160=CARTESIAN_POINT('Origin',(135.,-56.6666666666667,7.5));
#5161=CARTESIAN_POINT('Origin',(135.,-56.6666666666667,97.5));
#5162=CARTESIAN_POINT('Origin',(135.,-85.,7.5));
#5163=CARTESIAN_POINT('',(147.5,-85.,97.5));
#5164=CARTESIAN_POINT('Origin',(135.,-85.,97.5));
#5165=CARTESIAN_POINT('',(147.5,-85.,7.5));
#5166=CARTESIAN_POINT('',(147.5,-85.,7.5));
#5167=CARTESIAN_POINT('Origin',(135.,-85.,7.5));
#5168=CARTESIAN_POINT('Origin',(135.,-85.,97.5));
#5169=CARTESIAN_POINT('Origin',(101.25,0.,7.5));
#5170=CARTESIAN_POINT('',(113.75,1.53080849893419E-15,97.5));
#5171=CARTESIAN_POINT('Origin',(101.25,0.,97.5));
#5172=CARTESIAN_POINT('',(113.75,1.53080849893419E-15,7.5));
#5173=CARTESIAN_POINT('',(113.75,1.53080849893419E-15,7.5));
#5174=CARTESIAN_POINT('Origin',(101.25,0.,7.5));
#5175=CARTESIAN_POINT('Origin',(101.25,0.,97.5));
#5176=CARTESIAN_POINT('Origin',(67.5,-28.3333333333333,7.5));
#5177=CARTESIAN_POINT('',(80.,-28.3333333333333,97.5));
#5178=CARTESIAN_POINT('Origin',(67.5,-28.3333333333333,97.5));
#5179=CARTESIAN_POINT('',(80.,-28.3333333333333,7.5));
#5180=CARTESIAN_POINT('',(80.,-28.3333333333333,7.5));
#5181=CARTESIAN_POINT('Origin',(67.5,-28.3333333333333,7.5));
#5182=CARTESIAN_POINT('Origin',(67.5,-28.3333333333333,97.5));
#5183=CARTESIAN_POINT('Origin',(33.75,-56.6666666666667,7.5));
#5184=CARTESIAN_POINT('',(46.25,-56.6666666666667,97.5));
#5185=CARTESIAN_POINT('Origin',(33.75,-56.6666666666667,97.5));
#5186=CARTESIAN_POINT('',(46.25,-56.6666666666667,7.5));
#5187=CARTESIAN_POINT('',(46.25,-56.6666666666667,7.5));
#5188=CARTESIAN_POINT('Origin',(33.75,-56.6666666666667,7.5));
#5189=CARTESIAN_POINT('Origin',(33.75,-56.6666666666667,97.5));
#5190=CARTESIAN_POINT('Origin',(0.,-56.6666666666667,7.5));
#5191=CARTESIAN_POINT('',(12.5,-56.6666666666667,97.5));
#5192=CARTESIAN_POINT('Origin',(0.,-56.6666666666667,97.5));
#5193=CARTESIAN_POINT('',(12.5,-56.6666666666667,7.5));
#5194=CARTESIAN_POINT('',(12.5,-56.6666666666667,7.5));
#5195=CARTESIAN_POINT('Origin',(0.,-56.6666666666667,7.5));
#5196=CARTESIAN_POINT('Origin',(0.,-56.6666666666667,97.5));
#5197=CARTESIAN_POINT('Origin',(0.,-85.,7.5));
#5198=CARTESIAN_POINT('',(12.5,-85.,97.5));
#5199=CARTESIAN_POINT('Origin',(0.,-85.,97.5));
#5200=CARTESIAN_POINT('',(12.5,-85.,7.5));
#5201=CARTESIAN_POINT('',(12.5,-85.,7.5));
#5202=CARTESIAN_POINT('Origin',(0.,-85.,7.5));
#5203=CARTESIAN_POINT('Origin',(0.,-85.,97.5));
#5204=CARTESIAN_POINT('Origin',(-33.75,-28.3333333333333,7.5));
#5205=CARTESIAN_POINT('',(-21.25,-28.3333333333333,97.5));
#5206=CARTESIAN_POINT('Origin',(-33.75,-28.3333333333333,97.5));
#5207=CARTESIAN_POINT('',(-21.25,-28.3333333333333,7.5));
#5208=CARTESIAN_POINT('',(-21.25,-28.3333333333333,7.5));
#5209=CARTESIAN_POINT('Origin',(-33.75,-28.3333333333333,7.5));
#5210=CARTESIAN_POINT('Origin',(-33.75,-28.3333333333333,97.5));
#5211=CARTESIAN_POINT('Origin',(-67.5,-28.3333333333333,7.5));
#5212=CARTESIAN_POINT('',(-55.,-28.3333333333333,97.5));
#5213=CARTESIAN_POINT('Origin',(-67.5,-28.3333333333333,97.5));
#5214=CARTESIAN_POINT('',(-55.,-28.3333333333333,7.5));
#5215=CARTESIAN_POINT('',(-55.,-28.3333333333333,7.5));
#5216=CARTESIAN_POINT('Origin',(-67.5,-28.3333333333333,7.5));
#5217=CARTESIAN_POINT('Origin',(-67.5,-28.3333333333333,97.5));
#5218=CARTESIAN_POINT('Origin',(-101.25,0.,7.5));
#5219=CARTESIAN_POINT('',(-88.75,1.53080849893419E-15,97.5));
#5220=CARTESIAN_POINT('Origin',(-101.25,0.,97.5));
#5221=CARTESIAN_POINT('',(-88.75,1.53080849893419E-15,7.5));
#5222=CARTESIAN_POINT('',(-88.75,1.53080849893419E-15,7.5));
#5223=CARTESIAN_POINT('Origin',(-101.25,0.,7.5));
#5224=CARTESIAN_POINT('Origin',(-101.25,0.,97.5));
#5225=CARTESIAN_POINT('Origin',(-135.,-85.,7.5));
#5226=CARTESIAN_POINT('',(-122.5,-85.,97.5));
#5227=CARTESIAN_POINT('Origin',(-135.,-85.,97.5));
#5228=CARTESIAN_POINT('',(-122.5,-85.,7.5));
#5229=CARTESIAN_POINT('',(-122.5,-85.,7.5));
#5230=CARTESIAN_POINT('Origin',(-135.,-85.,7.5));
#5231=CARTESIAN_POINT('Origin',(-135.,-85.,97.5));
#5232=CARTESIAN_POINT('Origin',(-135.,28.3333333333333,7.5));
#5233=CARTESIAN_POINT('',(-122.5,28.3333333333333,97.5));
#5234=CARTESIAN_POINT('Origin',(-135.,28.3333333333333,97.5));
#5235=CARTESIAN_POINT('',(-122.5,28.3333333333333,7.5));
#5236=CARTESIAN_POINT('',(-122.5,28.3333333333333,7.5));
#5237=CARTESIAN_POINT('Origin',(-135.,28.3333333333333,7.5));
#5238=CARTESIAN_POINT('Origin',(-135.,28.3333333333333,97.5));
#5239=CARTESIAN_POINT('Origin',(-33.75,56.6666666666667,7.5));
#5240=CARTESIAN_POINT('',(-21.25,56.6666666666667,97.5));
#5241=CARTESIAN_POINT('Origin',(-33.75,56.6666666666667,97.5));
#5242=CARTESIAN_POINT('',(-21.25,56.6666666666667,7.5));
#5243=CARTESIAN_POINT('',(-21.25,56.6666666666667,7.5));
#5244=CARTESIAN_POINT('Origin',(-33.75,56.6666666666667,7.5));
#5245=CARTESIAN_POINT('Origin',(-33.75,56.6666666666667,97.5));
#5246=CARTESIAN_POINT('Origin',(101.25,56.6666666666667,7.5));
#5247=CARTESIAN_POINT('',(113.75,56.6666666666667,97.5));
#5248=CARTESIAN_POINT('Origin',(101.25,56.6666666666667,97.5));
#5249=CARTESIAN_POINT('',(113.75,56.6666666666667,7.5));
#5250=CARTESIAN_POINT('',(113.75,56.6666666666667,7.5));
#5251=CARTESIAN_POINT('Origin',(101.25,56.6666666666667,7.5));
#5252=CARTESIAN_POINT('Origin',(101.25,56.6666666666667,97.5));
#5253=CARTESIAN_POINT('Origin',(67.5,85.,7.5));
#5254=CARTESIAN_POINT('',(80.,85.,97.5));
#5255=CARTESIAN_POINT('Origin',(67.5,85.,97.5));
#5256=CARTESIAN_POINT('',(80.,85.,7.5));
#5257=CARTESIAN_POINT('',(80.,85.,7.5));
#5258=CARTESIAN_POINT('Origin',(67.5,85.,7.5));
#5259=CARTESIAN_POINT('Origin',(67.5,85.,97.5));
#5260=CARTESIAN_POINT('Origin',(-67.5,85.,7.5));
#5261=CARTESIAN_POINT('',(-55.,85.,97.5));
#5262=CARTESIAN_POINT('Origin',(-67.5,85.,97.5));
#5263=CARTESIAN_POINT('',(-55.,85.,7.5));
#5264=CARTESIAN_POINT('',(-55.,85.,7.5));
#5265=CARTESIAN_POINT('Origin',(-67.5,85.,7.5));
#5266=CARTESIAN_POINT('Origin',(-67.5,85.,97.5));
#5267=CARTESIAN_POINT('Origin',(-101.25,85.,7.5));
#5268=CARTESIAN_POINT('',(-88.75,85.,97.5));
#5269=CARTESIAN_POINT('Origin',(-101.25,85.,97.5));
#5270=CARTESIAN_POINT('',(-88.75,85.,7.5));
#5271=CARTESIAN_POINT('',(-88.75,85.,7.5));
#5272=CARTESIAN_POINT('Origin',(-101.25,85.,7.5));
#5273=CARTESIAN_POINT('Origin',(-101.25,85.,97.5));
#5274=CARTESIAN_POINT('Origin',(33.75,85.,7.5));
#5275=CARTESIAN_POINT('',(46.25,85.,97.5));
#5276=CARTESIAN_POINT('Origin',(33.75,85.,97.5));
#5277=CARTESIAN_POINT('',(46.25,85.,7.5));
#5278=CARTESIAN_POINT('',(46.25,85.,7.5));
#5279=CARTESIAN_POINT('Origin',(33.75,85.,7.5));
#5280=CARTESIAN_POINT('Origin',(33.75,85.,97.5));
#5281=CARTESIAN_POINT('Origin',(135.,56.6666666666667,7.5));
#5282=CARTESIAN_POINT('',(147.5,56.6666666666667,97.5));
#5283=CARTESIAN_POINT('Origin',(135.,56.6666666666667,97.5));
#5284=CARTESIAN_POINT('',(147.5,56.6666666666667,7.5));
#5285=CARTESIAN_POINT('',(147.5,56.6666666666667,7.5));
#5286=CARTESIAN_POINT('Origin',(135.,56.6666666666667,7.5));
#5287=CARTESIAN_POINT('Origin',(135.,56.6666666666667,97.5));
#5288=CARTESIAN_POINT('Origin',(0.,56.6666666666667,7.5));
#5289=CARTESIAN_POINT('',(12.5,56.6666666666667,97.5));
#5290=CARTESIAN_POINT('Origin',(0.,56.6666666666667,97.5));
#5291=CARTESIAN_POINT('',(12.5,56.6666666666667,7.5));
#5292=CARTESIAN_POINT('',(12.5,56.6666666666667,7.5));
#5293=CARTESIAN_POINT('Origin',(0.,56.6666666666667,7.5));
#5294=CARTESIAN_POINT('Origin',(0.,56.6666666666667,97.5));
#5295=CARTESIAN_POINT('Origin',(-135.,56.6666666666667,7.5));
#5296=CARTESIAN_POINT('',(-122.5,56.6666666666667,97.5));
#5297=CARTESIAN_POINT('Origin',(-135.,56.6666666666667,97.5));
#5298=CARTESIAN_POINT('',(-122.5,56.6666666666667,7.5));
#5299=CARTESIAN_POINT('',(-122.5,56.6666666666667,7.5));
#5300=CARTESIAN_POINT('Origin',(-135.,56.6666666666667,7.5));
#5301=CARTESIAN_POINT('Origin',(-135.,56.6666666666667,97.5));
#5302=CARTESIAN_POINT('Origin',(-135.,-56.6666666666667,7.5));
#5303=CARTESIAN_POINT('',(-122.5,-56.6666666666667,97.5));
#5304=CARTESIAN_POINT('Origin',(-135.,-56.6666666666667,97.5));
#5305=CARTESIAN_POINT('',(-122.5,-56.6666666666667,7.5));
#5306=CARTESIAN_POINT('',(-122.5,-56.6666666666667,7.5));
#5307=CARTESIAN_POINT('Origin',(-135.,-56.6666666666667,7.5));
#5308=CARTESIAN_POINT('Origin',(-135.,-56.6666666666667,97.5));
#5309=CARTESIAN_POINT('Origin',(-101.25,-28.3333333333333,7.5));
#5310=CARTESIAN_POINT('',(-88.75,-28.3333333333333,97.5));
#5311=CARTESIAN_POINT('Origin',(-101.25,-28.3333333333333,97.5));
#5312=CARTESIAN_POINT('',(-88.75,-28.3333333333333,7.5));
#5313=CARTESIAN_POINT('',(-88.75,-28.3333333333333,7.5));
#5314=CARTESIAN_POINT('Origin',(-101.25,-28.3333333333333,7.5));
#5315=CARTESIAN_POINT('Origin',(-101.25,-28.3333333333333,97.5));
#5316=CARTESIAN_POINT('Origin',(-67.5,0.,7.5));
#5317=CARTESIAN_POINT('',(-55.,1.53080849893419E-15,97.5));
#5318=CARTESIAN_POINT('Origin',(-67.5,0.,97.5));
#5319=CARTESIAN_POINT('',(-55.,1.53080849893419E-15,7.5));
#5320=CARTESIAN_POINT('',(-55.,1.53080849893419E-15,7.5));
#5321=CARTESIAN_POINT('Origin',(-67.5,0.,7.5));
#5322=CARTESIAN_POINT('Origin',(-67.5,0.,97.5));
#5323=CARTESIAN_POINT('Origin',(-33.75,-85.,7.5));
#5324=CARTESIAN_POINT('',(-21.25,-85.,97.5));
#5325=CARTESIAN_POINT('Origin',(-33.75,-85.,97.5));
#5326=CARTESIAN_POINT('',(-21.25,-85.,7.5));
#5327=CARTESIAN_POINT('',(-21.25,-85.,7.5));
#5328=CARTESIAN_POINT('Origin',(-33.75,-85.,7.5));
#5329=CARTESIAN_POINT('Origin',(-33.75,-85.,97.5));
#5330=CARTESIAN_POINT('Origin',(-33.75,-56.6666666666667,7.5));
#5331=CARTESIAN_POINT('',(-21.25,-56.6666666666667,97.5));
#5332=CARTESIAN_POINT('Origin',(-33.75,-56.6666666666667,97.5));
#5333=CARTESIAN_POINT('',(-21.25,-56.6666666666667,7.5));
#5334=CARTESIAN_POINT('',(-21.25,-56.6666666666667,7.5));
#5335=CARTESIAN_POINT('Origin',(-33.75,-56.6666666666667,7.5));
#5336=CARTESIAN_POINT('Origin',(-33.75,-56.6666666666667,97.5));
#5337=CARTESIAN_POINT('Origin',(0.,28.3333333333333,7.5));
#5338=CARTESIAN_POINT('',(12.5,28.3333333333333,97.5));
#5339=CARTESIAN_POINT('Origin',(0.,28.3333333333333,97.5));
#5340=CARTESIAN_POINT('',(12.5,28.3333333333333,7.5));
#5341=CARTESIAN_POINT('',(12.5,28.3333333333333,7.5));
#5342=CARTESIAN_POINT('Origin',(0.,28.3333333333333,7.5));
#5343=CARTESIAN_POINT('Origin',(0.,28.3333333333333,97.5));
#5344=CARTESIAN_POINT('Origin',(33.75,-28.3333333333333,7.5));
#5345=CARTESIAN_POINT('',(46.25,-28.3333333333333,97.5));
#5346=CARTESIAN_POINT('Origin',(33.75,-28.3333333333333,97.5));
#5347=CARTESIAN_POINT('',(46.25,-28.3333333333333,7.5));
#5348=CARTESIAN_POINT('',(46.25,-28.3333333333333,7.5));
#5349=CARTESIAN_POINT('Origin',(33.75,-28.3333333333333,7.5));
#5350=CARTESIAN_POINT('Origin',(33.75,-28.3333333333333,97.5));
#5351=CARTESIAN_POINT('Origin',(67.5,-56.6666666666667,7.5));
#5352=CARTESIAN_POINT('',(80.,-56.6666666666667,97.5));
#5353=CARTESIAN_POINT('Origin',(67.5,-56.6666666666667,97.5));
#5354=CARTESIAN_POINT('',(80.,-56.6666666666667,7.5));
#5355=CARTESIAN_POINT('',(80.,-56.6666666666667,7.5));
#5356=CARTESIAN_POINT('Origin',(67.5,-56.6666666666667,7.5));
#5357=CARTESIAN_POINT('Origin',(67.5,-56.6666666666667,97.5));
#5358=CARTESIAN_POINT('Origin',(101.25,28.3333333333333,7.5));
#5359=CARTESIAN_POINT('',(113.75,28.3333333333333,97.5));
#5360=CARTESIAN_POINT('Origin',(101.25,28.3333333333333,97.5));
#5361=CARTESIAN_POINT('',(113.75,28.3333333333333,7.5));
#5362=CARTESIAN_POINT('',(113.75,28.3333333333333,7.5));
#5363=CARTESIAN_POINT('Origin',(101.25,28.3333333333333,7.5));
#5364=CARTESIAN_POINT('Origin',(101.25,28.3333333333333,97.5));
#5365=CARTESIAN_POINT('Origin',(101.25,-85.,7.5));
#5366=CARTESIAN_POINT('',(113.75,-85.,97.5));
#5367=CARTESIAN_POINT('Origin',(101.25,-85.,97.5));
#5368=CARTESIAN_POINT('',(113.75,-85.,7.5));
#5369=CARTESIAN_POINT('',(113.75,-85.,7.5));
#5370=CARTESIAN_POINT('Origin',(101.25,-85.,7.5));
#5371=CARTESIAN_POINT('Origin',(101.25,-85.,97.5));
#5372=CARTESIAN_POINT('Origin',(135.,28.3333333333333,7.5));
#5373=CARTESIAN_POINT('',(147.5,28.3333333333333,97.5));
#5374=CARTESIAN_POINT('Origin',(135.,28.3333333333333,97.5));
#5375=CARTESIAN_POINT('',(147.5,28.3333333333333,7.5));
#5376=CARTESIAN_POINT('',(147.5,28.3333333333333,7.5));
#5377=CARTESIAN_POINT('Origin',(135.,28.3333333333333,7.5));
#5378=CARTESIAN_POINT('Origin',(135.,28.3333333333333,97.5));
#5379=CARTESIAN_POINT('Origin',(135.,-28.3333333333333,7.5));
#5380=CARTESIAN_POINT('',(147.5,-28.3333333333333,97.5));
#5381=CARTESIAN_POINT('Origin',(135.,-28.3333333333333,97.5));
#5382=CARTESIAN_POINT('',(147.5,-28.3333333333333,7.5));
#5383=CARTESIAN_POINT('',(147.5,-28.3333333333333,7.5));
#5384=CARTESIAN_POINT('Origin',(135.,-28.3333333333333,7.5));
#5385=CARTESIAN_POINT('Origin',(135.,-28.3333333333333,97.5));
#5386=CARTESIAN_POINT('Origin',(101.25,-28.3333333333333,7.5));
#5387=CARTESIAN_POINT('',(113.75,-28.3333333333333,97.5));
#5388=CARTESIAN_POINT('Origin',(101.25,-28.3333333333333,97.5));
#5389=CARTESIAN_POINT('',(113.75,-28.3333333333333,7.5));
#5390=CARTESIAN_POINT('',(113.75,-28.3333333333333,7.5));
#5391=CARTESIAN_POINT('Origin',(101.25,-28.3333333333333,7.5));
#5392=CARTESIAN_POINT('Origin',(101.25,-28.3333333333333,97.5));
#5393=CARTESIAN_POINT('Origin',(67.5,0.,7.5));
#5394=CARTESIAN_POINT('',(80.,1.53080849893419E-15,97.5));
#5395=CARTESIAN_POINT('Origin',(67.5,0.,97.5));
#5396=CARTESIAN_POINT('',(80.,1.53080849893419E-15,7.5));
#5397=CARTESIAN_POINT('',(80.,1.53080849893419E-15,7.5));
#5398=CARTESIAN_POINT('Origin',(67.5,0.,7.5));
#5399=CARTESIAN_POINT('Origin',(67.5,0.,97.5));
#5400=CARTESIAN_POINT('Origin',(33.75,-85.,7.5));
#5401=CARTESIAN_POINT('',(46.25,-85.,97.5));
#5402=CARTESIAN_POINT('Origin',(33.75,-85.,97.5));
#5403=CARTESIAN_POINT('',(46.25,-85.,7.5));
#5404=CARTESIAN_POINT('',(46.25,-85.,7.5));
#5405=CARTESIAN_POINT('Origin',(33.75,-85.,7.5));
#5406=CARTESIAN_POINT('Origin',(33.75,-85.,97.5));
#5407=CARTESIAN_POINT('Origin',(33.75,28.3333333333333,7.5));
#5408=CARTESIAN_POINT('',(46.25,28.3333333333333,97.5));
#5409=CARTESIAN_POINT('Origin',(33.75,28.3333333333333,97.5));
#5410=CARTESIAN_POINT('',(46.25,28.3333333333333,7.5));
#5411=CARTESIAN_POINT('',(46.25,28.3333333333333,7.5));
#5412=CARTESIAN_POINT('Origin',(33.75,28.3333333333333,7.5));
#5413=CARTESIAN_POINT('Origin',(33.75,28.3333333333333,97.5));
#5414=CARTESIAN_POINT('Origin',(0.,-28.3333333333333,7.5));
#5415=CARTESIAN_POINT('',(12.5,-28.3333333333333,97.5));
#5416=CARTESIAN_POINT('Origin',(0.,-28.3333333333333,97.5));
#5417=CARTESIAN_POINT('',(12.5,-28.3333333333333,7.5));
#5418=CARTESIAN_POINT('',(12.5,-28.3333333333333,7.5));
#5419=CARTESIAN_POINT('Origin',(0.,-28.3333333333333,7.5));
#5420=CARTESIAN_POINT('Origin',(0.,-28.3333333333333,97.5));
#5421=CARTESIAN_POINT('Origin',(-33.75,0.,7.5));
#5422=CARTESIAN_POINT('',(-21.25,1.53080849893419E-15,97.5));
#5423=CARTESIAN_POINT('Origin',(-33.75,0.,97.5));
#5424=CARTESIAN_POINT('',(-21.25,1.53080849893419E-15,7.5));
#5425=CARTESIAN_POINT('',(-21.25,1.53080849893419E-15,7.5));
#5426=CARTESIAN_POINT('Origin',(-33.75,0.,7.5));
#5427=CARTESIAN_POINT('Origin',(-33.75,0.,97.5));
#5428=CARTESIAN_POINT('Origin',(-67.5,-56.6666666666667,7.5));
#5429=CARTESIAN_POINT('',(-55.,-56.6666666666667,97.5));
#5430=CARTESIAN_POINT('Origin',(-67.5,-56.6666666666667,97.5));
#5431=CARTESIAN_POINT('',(-55.,-56.6666666666667,7.5));
#5432=CARTESIAN_POINT('',(-55.,-56.6666666666667,7.5));
#5433=CARTESIAN_POINT('Origin',(-67.5,-56.6666666666667,7.5));
#5434=CARTESIAN_POINT('Origin',(-67.5,-56.6666666666667,97.5));
#5435=CARTESIAN_POINT('Origin',(-101.25,28.3333333333333,7.5));
#5436=CARTESIAN_POINT('',(-88.75,28.3333333333333,97.5));
#5437=CARTESIAN_POINT('Origin',(-101.25,28.3333333333333,97.5));
#5438=CARTESIAN_POINT('',(-88.75,28.3333333333333,7.5));
#5439=CARTESIAN_POINT('',(-88.75,28.3333333333333,7.5));
#5440=CARTESIAN_POINT('Origin',(-101.25,28.3333333333333,7.5));
#5441=CARTESIAN_POINT('Origin',(-101.25,28.3333333333333,97.5));
#5442=CARTESIAN_POINT('Origin',(-101.25,-85.,7.5));
#5443=CARTESIAN_POINT('',(-88.75,-85.,97.5));
#5444=CARTESIAN_POINT('Origin',(-101.25,-85.,97.5));
#5445=CARTESIAN_POINT('',(-88.75,-85.,7.5));
#5446=CARTESIAN_POINT('',(-88.75,-85.,7.5));
#5447=CARTESIAN_POINT('Origin',(-101.25,-85.,7.5));
#5448=CARTESIAN_POINT('Origin',(-101.25,-85.,97.5));
#5449=CARTESIAN_POINT('Origin',(-135.,0.,7.5));
#5450=CARTESIAN_POINT('',(-122.5,1.53080849893419E-15,97.5));
#5451=CARTESIAN_POINT('Origin',(-135.,0.,97.5));
#5452=CARTESIAN_POINT('',(-122.5,1.53080849893419E-15,7.5));
#5453=CARTESIAN_POINT('',(-122.5,1.53080849893419E-15,7.5));
#5454=CARTESIAN_POINT('Origin',(-135.,0.,7.5));
#5455=CARTESIAN_POINT('Origin',(-135.,0.,97.5));
#5456=CARTESIAN_POINT('Origin',(-67.5,56.6666666666667,7.5));
#5457=CARTESIAN_POINT('',(-55.,56.6666666666667,97.5));
#5458=CARTESIAN_POINT('Origin',(-67.5,56.6666666666667,97.5));
#5459=CARTESIAN_POINT('',(-55.,56.6666666666667,7.5));
#5460=CARTESIAN_POINT('',(-55.,56.6666666666667,7.5));
#5461=CARTESIAN_POINT('Origin',(-67.5,56.6666666666667,7.5));
#5462=CARTESIAN_POINT('Origin',(-67.5,56.6666666666667,97.5));
#5463=CARTESIAN_POINT('Origin',(67.5,56.6666666666667,7.5));
#5464=CARTESIAN_POINT('',(80.,56.6666666666667,97.5));
#5465=CARTESIAN_POINT('Origin',(67.5,56.6666666666667,97.5));
#5466=CARTESIAN_POINT('',(80.,56.6666666666667,7.5));
#5467=CARTESIAN_POINT('',(80.,56.6666666666667,7.5));
#5468=CARTESIAN_POINT('Origin',(67.5,56.6666666666667,7.5));
#5469=CARTESIAN_POINT('Origin',(67.5,56.6666666666667,97.5));
#5470=CARTESIAN_POINT('Origin',(101.25,85.,7.5));
#5471=CARTESIAN_POINT('',(113.75,85.,97.5));
#5472=CARTESIAN_POINT('Origin',(101.25,85.,97.5));
#5473=CARTESIAN_POINT('',(113.75,85.,7.5));
#5474=CARTESIAN_POINT('',(113.75,85.,7.5));
#5475=CARTESIAN_POINT('Origin',(101.25,85.,7.5));
#5476=CARTESIAN_POINT('Origin',(101.25,85.,97.5));
#5477=CARTESIAN_POINT('Origin',(-33.75,85.,7.5));
#5478=CARTESIAN_POINT('',(-21.25,85.,97.5));
#5479=CARTESIAN_POINT('Origin',(-33.75,85.,97.5));
#5480=CARTESIAN_POINT('',(-21.25,85.,7.5));
#5481=CARTESIAN_POINT('',(-21.25,85.,7.5));
#5482=CARTESIAN_POINT('Origin',(-33.75,85.,7.5));
#5483=CARTESIAN_POINT('Origin',(-33.75,85.,97.5));
#5484=CARTESIAN_POINT('Origin',(-135.,85.,7.5));
#5485=CARTESIAN_POINT('',(-122.5,85.,97.5));
#5486=CARTESIAN_POINT('Origin',(-135.,85.,97.5));
#5487=CARTESIAN_POINT('',(-122.5,85.,7.5));
#5488=CARTESIAN_POINT('',(-122.5,85.,7.5));
#5489=CARTESIAN_POINT('Origin',(-135.,85.,7.5));
#5490=CARTESIAN_POINT('Origin',(-135.,85.,97.5));
#5491=CARTESIAN_POINT('Origin',(0.,85.,7.5));
#5492=CARTESIAN_POINT('',(12.5,85.,97.5));
#5493=CARTESIAN_POINT('Origin',(0.,85.,97.5));
#5494=CARTESIAN_POINT('',(12.5,85.,7.5));
#5495=CARTESIAN_POINT('',(12.5,85.,7.5));
#5496=CARTESIAN_POINT('Origin',(0.,85.,7.5));
#5497=CARTESIAN_POINT('Origin',(0.,85.,97.5));
#5498=CARTESIAN_POINT('Origin',(135.,85.,7.5));
#5499=CARTESIAN_POINT('',(147.5,85.,97.5));
#5500=CARTESIAN_POINT('Origin',(135.,85.,97.5));
#5501=CARTESIAN_POINT('',(147.5,85.,7.5));
#5502=CARTESIAN_POINT('',(147.5,85.,7.5));
#5503=CARTESIAN_POINT('Origin',(135.,85.,7.5));
#5504=CARTESIAN_POINT('Origin',(135.,85.,97.5));
#5505=CARTESIAN_POINT('Origin',(33.75,56.6666666666667,7.5));
#5506=CARTESIAN_POINT('',(46.25,56.6666666666667,97.5));
#5507=CARTESIAN_POINT('Origin',(33.75,56.6666666666667,97.5));
#5508=CARTESIAN_POINT('',(46.25,56.6666666666667,7.5));
#5509=CARTESIAN_POINT('',(46.25,56.6666666666667,7.5));
#5510=CARTESIAN_POINT('Origin',(33.75,56.6666666666667,7.5));
#5511=CARTESIAN_POINT('Origin',(33.75,56.6666666666667,97.5));
#5512=CARTESIAN_POINT('Origin',(-101.25,56.6666666666667,7.5));
#5513=CARTESIAN_POINT('',(-88.75,56.6666666666667,97.5));
#5514=CARTESIAN_POINT('Origin',(-101.25,56.6666666666667,97.5));
#5515=CARTESIAN_POINT('',(-88.75,56.6666666666667,7.5));
#5516=CARTESIAN_POINT('',(-88.75,56.6666666666667,7.5));
#5517=CARTESIAN_POINT('Origin',(-101.25,56.6666666666667,7.5));
#5518=CARTESIAN_POINT('Origin',(-101.25,56.6666666666667,97.5));
#5519=CARTESIAN_POINT('Origin',(-135.,-28.3333333333333,7.5));
#5520=CARTESIAN_POINT('',(-122.5,-28.3333333333333,97.5));
#5521=CARTESIAN_POINT('Origin',(-135.,-28.3333333333333,97.5));
#5522=CARTESIAN_POINT('',(-122.5,-28.3333333333333,7.5));
#5523=CARTESIAN_POINT('',(-122.5,-28.3333333333333,7.5));
#5524=CARTESIAN_POINT('Origin',(-135.,-28.3333333333333,7.5));
#5525=CARTESIAN_POINT('Origin',(-135.,-28.3333333333333,97.5));
#5526=CARTESIAN_POINT('Origin',(-101.25,-56.6666666666667,7.5));
#5527=CARTESIAN_POINT('',(-88.75,-56.6666666666667,97.5));
#5528=CARTESIAN_POINT('Origin',(-101.25,-56.6666666666667,97.5));
#5529=CARTESIAN_POINT('',(-88.75,-56.6666666666667,7.5));
#5530=CARTESIAN_POINT('',(-88.75,-56.6666666666667,7.5));
#5531=CARTESIAN_POINT('Origin',(-101.25,-56.6666666666667,7.5));
#5532=CARTESIAN_POINT('Origin',(-101.25,-56.6666666666667,97.5));
#5533=CARTESIAN_POINT('Origin',(-67.5,28.3333333333333,7.5));
#5534=CARTESIAN_POINT('',(-55.,28.3333333333333,97.5));
#5535=CARTESIAN_POINT('Origin',(-67.5,28.3333333333333,97.5));
#5536=CARTESIAN_POINT('',(-55.,28.3333333333333,7.5));
#5537=CARTESIAN_POINT('',(-55.,28.3333333333333,7.5));
#5538=CARTESIAN_POINT('Origin',(-67.5,28.3333333333333,7.5));
#5539=CARTESIAN_POINT('Origin',(-67.5,28.3333333333333,97.5));
#5540=CARTESIAN_POINT('Origin',(-67.5,-85.,7.5));
#5541=CARTESIAN_POINT('',(-55.,-85.,97.5));
#5542=CARTESIAN_POINT('Origin',(-67.5,-85.,97.5));
#5543=CARTESIAN_POINT('',(-55.,-85.,7.5));
#5544=CARTESIAN_POINT('',(-55.,-85.,7.5));
#5545=CARTESIAN_POINT('Origin',(-67.5,-85.,7.5));
#5546=CARTESIAN_POINT('Origin',(-67.5,-85.,97.5));
#5547=CARTESIAN_POINT('Origin',(-33.75,28.3333333333333,7.5));
#5548=CARTESIAN_POINT('',(-21.25,28.3333333333333,97.5));
#5549=CARTESIAN_POINT('Origin',(-33.75,28.3333333333333,97.5));
#5550=CARTESIAN_POINT('',(-21.25,28.3333333333333,7.5));
#5551=CARTESIAN_POINT('',(-21.25,28.3333333333333,7.5));
#5552=CARTESIAN_POINT('Origin',(-33.75,28.3333333333333,7.5));
#5553=CARTESIAN_POINT('Origin',(-33.75,28.3333333333333,97.5));
#5554=CARTESIAN_POINT('Origin',(0.,0.,7.5));
#5555=CARTESIAN_POINT('',(12.5,1.53080849893419E-15,97.5));
#5556=CARTESIAN_POINT('Origin',(0.,0.,97.5));
#5557=CARTESIAN_POINT('',(12.5,1.53080849893419E-15,7.5));
#5558=CARTESIAN_POINT('',(12.5,1.53080849893419E-15,7.5));
#5559=CARTESIAN_POINT('Origin',(0.,0.,7.5));
#5560=CARTESIAN_POINT('Origin',(0.,0.,97.5));
#5561=CARTESIAN_POINT('Origin',(33.75,0.,7.5));
#5562=CARTESIAN_POINT('',(46.25,1.53080849893419E-15,97.5));
#5563=CARTESIAN_POINT('Origin',(33.75,0.,97.5));
#5564=CARTESIAN_POINT('',(46.25,1.53080849893419E-15,7.5));
#5565=CARTESIAN_POINT('',(46.25,1.53080849893419E-15,7.5));
#5566=CARTESIAN_POINT('Origin',(33.75,0.,7.5));
#5567=CARTESIAN_POINT('Origin',(33.75,0.,97.5));
#5568=CARTESIAN_POINT('Origin',(67.5,-85.,7.5));
#5569=CARTESIAN_POINT('',(80.,-85.,97.5));
#5570=CARTESIAN_POINT('Origin',(67.5,-85.,97.5));
#5571=CARTESIAN_POINT('',(80.,-85.,7.5));
#5572=CARTESIAN_POINT('',(80.,-85.,7.5));
#5573=CARTESIAN_POINT('Origin',(67.5,-85.,7.5));
#5574=CARTESIAN_POINT('Origin',(67.5,-85.,97.5));
#5575=CARTESIAN_POINT('Origin',(67.5,28.3333333333333,7.5));
#5576=CARTESIAN_POINT('',(80.,28.3333333333333,97.5));
#5577=CARTESIAN_POINT('Origin',(67.5,28.3333333333333,97.5));
#5578=CARTESIAN_POINT('',(80.,28.3333333333333,7.5));
#5579=CARTESIAN_POINT('',(80.,28.3333333333333,7.5));
#5580=CARTESIAN_POINT('Origin',(67.5,28.3333333333333,7.5));
#5581=CARTESIAN_POINT('Origin',(67.5,28.3333333333333,97.5));
#5582=CARTESIAN_POINT('Origin',(101.25,-56.6666666666667,7.5));
#5583=CARTESIAN_POINT('',(113.75,-56.6666666666667,97.5));
#5584=CARTESIAN_POINT('Origin',(101.25,-56.6666666666667,97.5));
#5585=CARTESIAN_POINT('',(113.75,-56.6666666666667,7.5));
#5586=CARTESIAN_POINT('',(113.75,-56.6666666666667,7.5));
#5587=CARTESIAN_POINT('Origin',(101.25,-56.6666666666667,7.5));
#5588=CARTESIAN_POINT('Origin',(101.25,-56.6666666666667,97.5));
#5589=CARTESIAN_POINT('Origin',(135.,0.,7.5));
#5590=CARTESIAN_POINT('',(147.5,1.53080849893419E-15,97.5));
#5591=CARTESIAN_POINT('Origin',(135.,0.,97.5));
#5592=CARTESIAN_POINT('',(147.5,1.53080849893419E-15,7.5));
#5593=CARTESIAN_POINT('',(147.5,1.53080849893419E-15,7.5));
#5594=CARTESIAN_POINT('Origin',(135.,0.,7.5));
#5595=CARTESIAN_POINT('Origin',(135.,0.,97.5));
#5596=CARTESIAN_POINT('Origin',(-150.,100.,0.));
#5597=CARTESIAN_POINT('',(150.,100.,7.5));
#5598=CARTESIAN_POINT('',(-150.,100.,7.5));
#5599=CARTESIAN_POINT('',(150.,100.,7.5));
#5600=CARTESIAN_POINT('',(150.,100.,97.5));
#5601=CARTESIAN_POINT('',(150.,100.,0.));
#5602=CARTESIAN_POINT('',(-150.,100.,97.5));
#5603=CARTESIAN_POINT('',(150.,100.,97.5));
#5604=CARTESIAN_POINT('',(-150.,100.,0.));
#5605=CARTESIAN_POINT('Origin',(150.,100.,0.));
#5606=CARTESIAN_POINT('',(150.,-100.,7.5));
#5607=CARTESIAN_POINT('',(150.,-100.,7.5));
#5608=CARTESIAN_POINT('',(150.,-100.,97.5));
#5609=CARTESIAN_POINT('',(150.,-100.,0.));
#5610=CARTESIAN_POINT('',(150.,-100.,97.5));
#5611=CARTESIAN_POINT('Origin',(-150.,-100.,0.));
#5612=CARTESIAN_POINT('',(-150.,-100.,7.5));
#5613=CARTESIAN_POINT('',(-150.,100.,7.5));
#5614=CARTESIAN_POINT('',(-150.,-100.,97.5));
#5615=CARTESIAN_POINT('',(-150.,100.,97.5));
#5616=CARTESIAN_POINT('',(-150.,-100.,0.));
#5617=CARTESIAN_POINT('Origin',(150.,-100.,0.));
#5618=CARTESIAN_POINT('',(-150.,-100.,7.5));
#5619=CARTESIAN_POINT('',(-150.,-100.,97.5));
#5620=CARTESIAN_POINT('Origin',(157.5,107.5,0.));
#5621=CARTESIAN_POINT('',(157.5,107.5,0.));
#5622=CARTESIAN_POINT('Origin',(-157.5,-107.5,0.));
#5623=CARTESIAN_POINT('',(-157.5,-107.5,0.));
#5624=CARTESIAN_POINT('Origin',(0.,0.,97.5));
#5625=CARTESIAN_POINT('Origin',(0.,0.,7.5));
#5626=CARTESIAN_POINT('Origin',(0.,0.,0.));
#5627=UNCERTAINTY_MEASURE_WITH_UNIT(LENGTH_MEASURE(0.01),#5631,
'DISTANCE_ACCURACY_VALUE',
'Maximum model space distance between geometric entities at asserted c
onnectivities');
#5628=UNCERTAINTY_MEASURE_WITH_UNIT(LENGTH_MEASURE(0.01),#5631,
'DISTANCE_ACCURACY_VALUE',
'Maximum model space distance between geometric entities at asserted c
onnectivities');
#5629=(
GEOMETRIC_REPRESENTATION_CONTEXT(3)
GLOBAL_UNCERTAINTY_ASSIGNED_CONTEXT((#5627))
GLOBAL_UNIT_ASSIGNED_CONTEXT((#5631,#5633,#5634))
REPRESENTATION_CONTEXT('','3D')
);
#5630=(
GEOMETRIC_REPRESENTATION_CONTEXT(3)
GLOBAL_UNCERTAINTY_ASSIGNED_CONTEXT((#5628))
GLOBAL_UNIT_ASSIGNED_CONTEXT((#5631,#5633,#5634))
REPRESENTATION_CONTEXT('','3D')
);
#5631=(
LENGTH_UNIT()
NAMED_UNIT(*)
SI_UNIT(.MILLI.,.METRE.)
);
#5632=(
LENGTH_UNIT()
NAMED_UNIT(*)
SI_UNIT($,.METRE.)
);
#5633=(
NAMED_UNIT(*)
PLANE_ANGLE_UNIT()
SI_UNIT($,.RADIAN.)
);
#5634=(
NAMED_UNIT(*)
SI_UNIT($,.STERADIAN.)
SOLID_ANGLE_UNIT()
);
#5635=SHAPE_DEFINITION_REPRESENTATION(#5636,#5637);
#5636=PRODUCT_DEFINITION_SHAPE('',$,#5639);
#5637=SHAPE_REPRESENTATION('',(#3111),#5629);
#5638=PRODUCT_DEFINITION_CONTEXT('part definition',#5643,'design');
#5639=PRODUCT_DEFINITION('BATTERY PACK FINAL','BATTERY PACK FINAL v0',#5640,
#5638);
#5640=PRODUCT_DEFINITION_FORMATION('',$,#5645);
#5641=PRODUCT_RELATED_PRODUCT_CATEGORY('BATTERY PACK FINAL v0',
'BATTERY PACK FINAL v0',(#5645));
#5642=APPLICATION_PROTOCOL_DEFINITION('international standard',
'automotive_design',2009,#5643);
#5643=APPLICATION_CONTEXT(
'Core Data for Automotive Mechanical Design Process');
#5644=PRODUCT_CONTEXT('part definition',#5643,'mechanical');
#5645=PRODUCT('BATTERY PACK FINAL','BATTERY PACK FINAL v0',$,(#5644));
#5646=PRESENTATION_STYLE_ASSIGNMENT((#5647));
#5647=SURFACE_STYLE_USAGE(.BOTH.,#5648);
#5648=SURFACE_SIDE_STYLE('',(#5649));
#5649=SURFACE_STYLE_FILL_AREA(#5650);
#5650=FILL_AREA_STYLE('Steel - Satin',(#5651));
#5651=FILL_AREA_STYLE_COLOUR('Steel - Satin',#5652);
#5652=COLOUR_RGB('Steel - Satin',0.627450980392157,0.627450980392157,0.627450980392157);
ENDSEC;
END-ISO-10303-21;
